instituição,inep,cidade,company_domain_name,telefone,link_qedu,uf,cidade_encontrada
COLÉGIO VÉRTICE,35137406,SÃO PAULO,https://www.colegiovertice.com.br/,(11) 5533-5500,http://www.qedu.org.br/escola/187957-vertice-colegio-unidade-i/sobre,SP,"SÃO PAULO
 "
USF,35805993,BRAGANÇA PAULISTA,https://www.usf.edu.br/institucional/infra.vm?id=74844293,-,https://qedu.org.br/escola/210462-colegio-sao-matheus/sobre,SP,"BRAGANÇA PAULISTA
 "
CENTRO EDUCACIONAL ESTAÇÃO DO APRENDER,33177775,NITERÓI,http://estacaodoaprender.com.br/,(21) 3629-5652,https://www.qedu.org.br/escola/281950-centro-educacional-estacao-do-aprender/censo-escolar,RJ,"NITERÓI
 "
INSTITUTO PRESBITERIANO MACKENZIE,17055962,PALMAS,https://www.mackenzie.br/colegios/palmas,(63) 3236-5300,https://www.qedu.org.br/escola/282928-colegio-presbiteriano-mackenzie-palmas/sobre,TO,"PALMAS
 "
COLÉGIO CERMAC,35171335,SÃO PAULO,https://www.cermac.com.br/,(11) 2959-5944,https://qedu.org.br/escola/197843-colegio-cermac-junior/censo-escolar,SP,"SÃO PAULO
 "
UNIVERSIDADE SÃO FRANCISCO,35805993,BRAGANCA PAULISTA,https://www.usf.edu.br/institucional/infra.vm?id=74844293,-,https://qedu.org.br/escola/210462-colegio-sao-matheus/sobre,SP,"BRAGANÇA PAULISTA
 "
UNIATENEU,23271469,FORTALEZA,https://uniateneu.edu.br/,0800 006 1717,http://www.qedu.org.br/escola/61726-colegio-ateneu/sobre,CE,"FORTALEZA
 "
GEEKIE,35117717,SÃO PAULO,https://www.geekie.com.br/,(11) 2532-4816,http://www.qedu.org.br/escola/195975-colegio-atrio-tatibitati/sobre,SP,"SANTOS
 "
FACULDADE DE ILHEUS,29386489,ILHÉUS,https://www.faculdadedeilheus.com.br/,(73) 2101-1700,https://www.qedu.org.br/escola/123668-ie-de-ilheus-ltda-status/censo-escolar,BA,"ILHÉUS
 "
PUC CAMPINAS,35112562,CAMPINAS,https://www.puc-campinas.edu.br/,-,https://www.qedu.org.br/escola/194619-colegio-notre-dame-de-campinas/censo-escolar,SP,"CAMPINAS
 "
IEL NACIONAL,41392272,CURITIBA,https://www.ielpr.org.br/,-,http://www.qedu.org.br/escola/223051-sesi-parana-c-eem/sobre,PR,"PATO BRANCO
 "
PUC-CAMPINAS,35112562,CAMPINAS,https://www.puc-campinas.edu.br/,(19) 3343-7000,https://www.qedu.org.br/escola/194619-colegio-notre-dame-de-campinas/censo-escolar,SP,"CAMPINAS
 "
SEMENTE EDUCAÇÃO,,SÃO PAULO,https://programasemente.com.br/,(11) 2091-1397,http://www.qedu.org.br/escola/214190-semente-de-gente-ii-centro-de-educacao-infantil/sobre,SP,"SÃO PAULO
 "
COLÉGIO VISCONDE DE PORTO SEGURO,35136025,VALINHOS,https://www.portoseguro.org.br/unidade/detalhe/valinhos,-,http://www.qedu.org.br/escola/191305-porto-seguro-visconde-colegio-unidade-ii/sobre,SP,"VALINHOS
 "
COLÉGIO VISCONDE DE PORTO SEGURO,35162243,SÃO PAULO,https://www.portoseguro.org.br/,-,http://www.qedu.org.br/escola/204726-visconde-de-porto-seguro-colegio-unidade-iii/sobre,SP,"SÃO PAULO
 "
FUNDACRED,,SÃO PAULO,https://portal.fundacred.org.br/,-,,SP,SÃO PAULO
SEESP,35119611,SÃO BERNARDO DO CAMPO,https://desaobernardo.educacao.sp.gov.br/,-,https://www.qedu.org.br/escola/182577-colegio-harmonia/censo-escolar,SP,"SÃO BERNARDO DO CAMPO
 "
FURJ,42020557,JOINVILLE,https://www.univille.edu.br/pt_br/institucional/furj/612352,-,http://qedu.org.br/escola/225053-colegio-da-univille/sobre,SC,"JOINVILLE
 "
REDE LAUREATE,,SÃO PAULO,https://www.uniritter.edu.br/rede-laureate,(11) 3896-9700,,SP,SÃO PAULO
SENAI BAHIA,29460573,PETROLINA,http://www.fieb.org.br/senai/pagina/9897/processo-seletivo-para-acesso-a-cursos-de-qualificacao-profissional--cursos-gratuitos-em-juazeir.aspx,-,https://www.qedu.org.br/escola/275822-senai-juazeiro/censo-escolar,PE,"JUAZEIRO
 "
FUNDAÇÃO SALVADOR ARENA,35228254,SÃO BERNARDO DO CAMPO,http://www.cefsa.org.br/home/,-,https://www.qedu.org.br/escola/193734-em-salvador-arena-doutor/censo-escolar,SP,"ILHABELA
 "
SOCIEDADE INTELIGÊNCIA E CORAÇÃO,31007498,BELO HORIZONTE,https://br.linkedin.com/company/sic---sociedade-intelig%C3%AAncia-e-cora%C3%A7%C3%A3o,-,https://www.qedu.org.br/escola/141880-colegio-franciscano-coracao-de-maria/censo-escolar,MG,"BELO HORIZONTE
 "
FUNDACRED,,BAURU,https://br.linkedin.com/in/eualline,-,,SP,BAURU
FAAM,,BELÉM,http://faam.com.br/,-,,PA,BELÉM
EXPANDIR CONSULTORIA EDUCACIONAL,35287581,SÃO PAULO,https://mx.linkedin.com/in/amanda-priscila-fonseca,-,http://www.qedu.org.br/escola/209262-colegio-sao-paulo/sobre,SP,"SÃO PAULO
 "
COLÉGIO DAMAS,26122081,RECIFE,http://www.colegiodamas.com.br/web/,(81) 3139-4500,http://qedu.org.br/escola/86002-colegio-das-damas-da-instrucao-crista/censo-escolar,PE,"RECIFE
 "
INSTITUTO MAUÁ DE TECNOLOGIA,,SÃO CAETANO DO SUL,https://maua.br/,(11) 4239-3000,http://qedu.org.br/escola/241304-instituto-maua/sobre,SP,"BRASÍLIA
 "
INSTITUTO LEÃO SAMPAIO DE ENSINO UNIVERSITÁRIO,23165766,JUAZEIRO DO NORTE,https://unileao.edu.br/,(88) 2101-1046,http://www.qedu.org.br/escola/71387-eef-leao-sampaio-doutor/censo-escolar,CE,"JUAZEIRO DO NORTE
 "
ASSOCIAÇÃO ANTÔNIO VIEIRA - ASAV,43108202,PORTO ALEGRE,http://www.asav.org.br/,(51) 3343-2466,http://www.qedu.org.br/escola/234541-ce-francisco-a-vieira-caldas-jr/censo-escolar,RS,"PORTO ALEGRE
 "
COLÉGIO VISCONDE DE PORTO SEGURO,35136025,VALINHOS,https://www.portoseguro.org.br/unidade/detalhe/valinhos,-,http://www.qedu.org.br/escola/191305-porto-seguro-visconde-colegio-unidade-ii/sobre,SP,"VALINHOS
 "
SENAI,29460581,SALVADOR,http://www.senaicimatec.com.br/,-,http://www.qedu.org.br/escola/275919-senai-cimatec/censo-escolar,BA,"SALVADOR
 "
BERNOULLI SISTEMA DE ENSINO,31311723,CONTAGEM,https://www.bernoulli.com.br/sistema-de-ensino/abrangencia/,(31) 3029-4949,http://www.qedu.org.br/escola/158679-colegio-bernoulli/sobre,MG,"BELO HORIZONTE
 "
SENAI,29465320,LAURO DE FREITAS,https://www.mundosenai.com.br/escolas/senai-lauro-de-freitas/,(71) 3287-8058,http://qedu.org.br/escola/278844-senai-lauro-de-freitas/sobre,BA,"LAURO DE FREITAS
 "
TOTVS,35143996,SÃO PAULO,https://www.totvs.com/unidade/totvs-sao-paulo/,0800 709 8100,http://qedu.org.br/escola/181612-sao-mateus-colegio-eeiefm/censo-escolar,SP,"CATANDUVA
 "
COLÉGIO MARTHA FALCÃO,13025082,MANAUS,https://colegiomarthafalcao.com.br/novosite/,(92) 3303-0700,https://www.qedu.org.br/escola/9599-associacao-de-ciencias-educacao-e-tecnologia-da-amazonia-colegio-martha-falcao/censo-escolar,AM,"MANAUS
 "
COLEGIO VISCONDE DE PORTO SEGURO UI,35162243,SÃO PAULO,https://www.portoseguro.org.br/,-,http://www.qedu.org.br/escola/204726-visconde-de-porto-seguro-colegio-unidade-iii/sobre,SP,"SÃO PAULO
 "
GRUPO CETEC EDUCACIONAL,35136463,SÃO PAULO,https://br.linkedin.com/company/ceteceducacional,-,https://www.qedu.org.br/escola/195208-cetec-colegio/censo-escolar,SP,"SÃO PAULO
 "
CENTRO UNIVERSITÁRIO DR. LEÃO SAMPAIO,23165766,JUAZEIRO DO NORTE,https://unileao.edu.br/,-,http://www.qedu.org.br/escola/71387-eef-leao-sampaio-doutor/censo-escolar,CE,"JUAZEIRO DO NORTE
 "
SOCIEDADE INTELIGÊNCIA E CORAÇÃO,31007498,BELO HORIZONTE,https://br.linkedin.com/company/sic---sociedade-intelig%C3%AAncia-e-cora%C3%A7%C3%A3o,-,https://www.qedu.org.br/escola/141880-colegio-franciscano-coracao-de-maria/censo-escolar,MG,"BELO HORIZONTE
 "
EB EDUCAÇÃO,42000920,SÃO PAULO,https://www.brltrust.com.br/?administracao=eb-capital-educacao-fip,-,http://www.qedu.org.br/escola/220997-eb-paulo-fontes/censo-escolar,SP,"FLORIANÓPOLIS
 "
COLÉGIO SANTO AMERICO,35105600,SÃO PAULO,https://www.santoamerico.org.br/,(11) 4084-1888,http://www.qedu.org.br/escola/208387-colegio-santo-americo/sobre,SP,"SÃO PAULO
 "
TURNITIN,,SÃO PAULO,https://www.turnitin.com/pt,-,,SP,SÃO PAULO
EPD - ESCOLA PAULISTA DE DIREITO,35101047,SÃO PAULO,http://www.epd.edu.br/,(11) 3273-3600,https://www.qedu.org.br/escola/187591-escola-paulista/censo-escolar,SP,"SÃO PAULO
 "
COLÉGIO TURCI & RIBEIRO EIRELI - COLÉGIO SEPP,,JACAREÍ,https://colegiosepp.com.br/,-,,SP,JACAREÍ
COLÉGIO VISCONDE DE PORTO SEGURO,35136025,VALINHOS,https://www.portoseguro.org.br/unidade/detalhe/valinhos,-,http://www.qedu.org.br/escola/191305-porto-seguro-visconde-colegio-unidade-ii/sobre,SP,"VALINHOS
 "
COLÉGIO SANTO ANJO,41155815,CURITIBA,https://www.colegiosantoanjo.com.br/,-,http://www.qedu.org.br/escola/278670-colegio-santo-anjo-barigui-ens-fundamental-e-ens-medio/sobre,PR,"CURITIBA
 "
COLÉGIO FARROUPILHA,43104975,PORTO ALEGRE,https://www.colegiofarroupilha.com.br/,(51) 3455-1858,http://www.qedu.org.br/escola/231686-centro-ens-medio-farroupilha/censo-escolar,RS,"PORTO ALEGRE
 "
CENTRO UNIVERSITÁRIO DAS FACULDADES ASSOCIADAS DE ENSINO - FAE,,SÃO JOÃO DA BOA VISTA,https://www.fae.br/,(19) 3638-0240,,SP,SÃO JOÃO DA BOA VISTA
ULBRA,43097782,PASSO FUNDO,https://www.ulbra.br/ead/graduacao,-,http://qedu.org.br/escola/258322-colegio-notre-dame/sobre,RS,"PASSO FUNDO
 "
UNIVERSIDADE CATÓLICA DOM BOSCO,50030310,CAMPO GRANDE,https://site.ucdb.br/,(67) 3312-3300,https://www.qedu.org.br/escola/258988-cei-sao-domingos-savio-ucdb/censo-escolar,MS,"CAMPO GRANDE
 "
COLÉGIO VISCONDE DE PORTO SEGURO,35162243,SÃO PAULO,https://www.portoseguro.org.br/,-,http://www.qedu.org.br/escola/204726-visconde-de-porto-seguro-colegio-unidade-iii/sobre,SP,"SÃO PAULO
 "
CENTRO EDUCACIONAL ESTAÇÃO DO APRENDER,33177775,NITERÓI,http://estacaodoaprender.com.br/,(21) 3629-5652,https://www.qedu.org.br/escola/281950-centro-educacional-estacao-do-aprender/censo-escolar,RJ,"NITERÓI
 "
COLÉGIO VISCONDE DE PORTO SEGURO,35162243,SÃO PAULO,https://www.portoseguro.org.br/,-,http://www.qedu.org.br/escola/204726-visconde-de-porto-seguro-colegio-unidade-iii/sobre,SP,"SÃO PAULO
 "
CRUZEIRO,35130758,SÃO PAULO,https://pt.wikipedia.org/wiki/Cruzeiro_(S%C3%A3o_Paulo),-,http://www.qedu.org.br/escola/193345-cruzeiro-do-sul-colegio-unidade-ii/sobre,SP,"SÃO PAULO
 "
COLÉGIO MARIA ESTER,23073578,FORTALEZA,http://www.cme1.com.br/,-,http://www.qedu.org.br/escola/61452-colegio-maria-ester/sobre,CE,"FORTALEZA
 "
UNIFSA - CENTRO UNIVERSITÁRIO SANTO AGOSTINHO,22138544,TERESINA,https://www.unifsa.com.br/,(86) 3215-8700,http://www.qedu.org.br/escola/51014-instituto-santo-agostinho/sobre,PI,"TERESINA
 "
UNILEÃO,,ICÓ,https://unileao.edu.br/,-,,CE,ICÓ
SENAI,29988730,FEIRA DE SANTANA,https://www.mundosenai.com.br/escolas/senai-feira-de-santana/,(75) 3229-9100,http://qedu.org.br/escola/132607-senai-escola-monte/sobre,BA,"FEIRA DE SANTANA
 "
AUTÔNOMA,,PARAÍSO,https://professorlfg.jusbrasil.com.br/artigos/156319166/policia-federal-autonoma-num-paraiso-da-cleptocracia?ref=amp,-,,SP,PARAÍSO
REDE DAMAS EDUCACIONAL,26122081,RECIFE,https://rededamas.gupy.io/,(81) 3194-5650,http://qedu.org.br/escola/86002-colegio-das-damas-da-instrucao-crista/censo-escolar,PE,"RECIFE
 "
COLÉGIO DONA CLARA,31246051,BELO HORIZONTE,https://www.donaclara.com.br/,(31) 3497-6919,http://www.qedu.org.br/escola/160889-colegio-dona-clara/sobre,MG,"BELO HORIZONTE
 "
SENAI BA,29460557,SALVADOR,http://www.senaicimatec.com.br/,-,https://www.qedu.org.br/escola/276020-senai-dendezeiros/sobre,BA,"SALVADOR
 "
CRM EDUCACIONAL,35118928,SÃO PAULO,https://crmeducacional.com/,(31) 2531-3161,http://www.qedu.org.br/escola/188424-colegio-modulo/sobre,SP,"SÃO PAULO
 "
SESSI-DR/ES,32040067,VITÓRIA,https://www.sesies.com.br/,-,http://www.qedu.org.br/escola/164975-eeem-colegio-estadual-do-espirito-santo/sobre,ES,"VITÓRIA
 "
RUBEUS,31305847,MURIAÉ,https://rubeus.com.br/,(31) 3514-7911,https://www.qedu.org.br/escola/154286-colegio-cidade-de-muriae/censo-escolar,MG,"MURIAÉ
 "
UNESC - CENTRO UNIVERSITÁRIO DO ES,32010311,COLATINA,https://www.unesc.br/,(27) 3723-3000,http://www.qedu.org.br/escola/166273-colegio-marista/sobre,ES,"COLATINA
 "
ELA,35287581,SÃO PAULO,https://www.guiademoteis.com.br/sao-paulo/zona-oeste/moteis/motel-ele-ela-sao-paulo,-,http://www.qedu.org.br/escola/209262-colegio-sao-paulo/sobre,SP,"SÃO PAULO
 "
FOREDUCATION EDTECH,35173712,SÃO PAULO,https://www.foreducationedtech.com.br/,(11) 99704-6048,https://www.qedu.org.br/escola/190171-colegio-fereguetti/censo-escolar,SP,"SÃO PAULO
 "
GRUPO EDUCACIONAL CEV,22142622,TERESINA,https://grupocev.com/,-,http://www.qedu.org.br/escola/283209-grupo-educacional-cev-unidade-kennedy/sobre,PI,"TERESINA
 "
ELECTI,,BAURU,https://br.linkedin.com/jobs/view/vendedor-jr-segimento-aliment%C3%ADcio-bauru-sp-at-electi-servi%C3%A7os-2311844911,-,,SP,BAURU
MAPLE BEAR,35565751,SÃO PAULO,https://maplebear.com.br/,-,http://www.qedu.org.br/escola/276655-maple-bear-jardins/sobre,SP,"SÃO PAULO
 "
CF ENGLISH SOLUTIONS,35100493,SÃO PAULO,https://br.linkedin.com/in/fabriciosilva,-,https://www.qedu.org.br/escola/189218-eeifm-santana-colegio/sobre,SP,"SÃO PAULO
 "
TURNITIN,,SÃO PAULO,https://www.turnitin.com/pt,-,,SP,SÃO PAULO
NATIONAL GEOGRAPHIC LEARNING,35287581,SÃO PAULO,https://eltngl.com/assets/html/latam/brazil/,-,http://www.qedu.org.br/escola/209262-colegio-sao-paulo/sobre,SP,"SÃO PAULO
 "
ESCOLA DE ENSINO MÉDIO CAMINHO DO SABER,43205542,CAXIAS DO SUL,https://redecaminhodosaber.com.br/,(54) 3225-2025,http://www.qedu.org.br/escola/256055-eem-caminho-do-saber/sobre,RS,"CAXIAS DO SUL
 "
COLÉGIO VISCONDE DE PORTO SEGURO,35162243,SÃO PAULO,https://www.portoseguro.org.br/,-,http://www.qedu.org.br/escola/204726-visconde-de-porto-seguro-colegio-unidade-iii/sobre,SP,"SÃO PAULO
 "
COLÉGIO SÃO FRANCISCO DE ASSIS,52020592,ANÁPOLIS,https://refeduc.com.br/unidades/unidade.vm?id=97077077,(62) 3327-0424,http://www.qedu.org.br/escola/244513-colegio-sao-francisco-de-assis/sobre,GO,"ANÁPOLIS
 "
FACULDADE INTERNACIONAL DE EVOLUÇÃO PROFISSIONAL,29993750,SALVADOR,https://www.faculdadesfiep.com.br/site/,(71) 3363-5777,http://www.qedu.org.br/escola/132297-centro-educacional-evolucao-infantil/sobre,BA,"SALVADOR
 "
CLARETIANO - CENTRO UNIVERSITÁRIO,35030132,BURITAMA,https://claretiano.edu.br/,-,http://www.qedu.org.br/escola/185017-alvaro-alvim/censo-escolar,SP,"BURITAMA
 "
ATIVACON,50006355,CAMPO GRANDE,https://www.guiamais.com.br/campo-grande-ms/assessorias-para-empresas-e-comercio-exterior/consultoria-empresarial/2133063620-3362939/ativacon-consultoria-e-empreendimentos,-,http://www.qedu.org.br/escola/254694-ee-11-de-outubro/censo-escolar,MS,"CAMPO GRANDE
 "
SABRE INOVAÇÃO E CONSULTORIA EDUCACIONAL,41389190,CURITIBA,http://www.sabreducacao.com.br/,-,http://www.qedu.org.br/escola/222145-inovacao-do-saber-e-ei-ef/sobre,PR,"CURITIBA
 "
RICCI SOLUÇÕES CONTÁBEIS EIRELI,35114431,FRANCA,https://ricciconsult.com.br/site/,(16) 3409-3551,http://qedu.org.br/escola/190181-sesi-109-ce/sobre,SP,"FRANCA
 "
COLÉGIO MARISTA ARQUIDIOCESANO DE SÃO PAULO,35107177,SÃO PAULO,https://colegiosmaristas.com.br/pagina-inicial/,(11) 5081-8444,http://www.qedu.org.br/escola/185798-arquidiocesano-de-sao-paulo-colegio-marista/sobre,SP,"SÃO PAULO
 "
COLÉGIO VISCONDE DE PORTO SEGURO,35162243,SÃO PAULO,https://www.portoseguro.org.br/,-,http://www.qedu.org.br/escola/204726-visconde-de-porto-seguro-colegio-unidade-iii/sobre,SP,"SÃO PAULO
 "
FACULDADE EVANGÉLICA MACKENZIE DO PARANÁ,41127390,CURITIBA,https://www.mackenzie.br/faculdades/curitiba/home,(41) 3240-5500,https://www.qedu.org.br/escola/223730-escola-atuacao-ltda/censo-escolar,PR,"CURITIBA
 "
COLÉGIO VISCONDE DE PORTO SEGURO,35162243,SÃO PAULO,https://www.portoseguro.org.br/,-,http://www.qedu.org.br/escola/204726-visconde-de-porto-seguro-colegio-unidade-iii/sobre,SP,"SÃO PAULO
 "
CAMINO EDUCATION,35133991,SÃO PAULO,https://caminoeducation.com/,(11) 98554-5711,https://www.qedu.org.br/escola/185433-ce-caminho-aberto/censo-escolar,SP,"SÃO PAULO
 "
COLÉGIO ELVIRA BRANDÃO,35107700,SÃO PAULO,https://www.elvirabrandao.com.br/,(11) 5645-4900,http://www.qedu.org.br/escola/211052-colegio-elvira-brandao/censo-escolar,SP,"SÃO PAULO
 "
GRUPO EDUCACIONAL BOM JESUS,41127722,CURITIBA,https://www.grupoeducacionalbomjesus.com.br/,-,http://www.qedu.org.br/escola/237906-colegio-bom-jesus-ensino-fundamental-e-medio/sobre,PR,"CURITIBA
 "
FUNDAÇÃO EDUCACIONAL DE LAVRAS,31354848,LAVRAS,https://www.afeesmig.org.br/fundacao-educacional-de-lavras/,-,https://www.qedu.org.br/escola/269318-colegio-losango-de-lavras/censo-escolar,MG,"LAVRAS
 "
CELIA DUGAICH PROJETOS EDUCACIONAIS,,SÃO PAULO,https://br.linkedin.com/in/celiadugaich,-,,SP,SÃO PAULO
ABMES,33105405,RIO DE JANEIRO,https://abmes.org.br/abmes-regional/agenda/detalhe/756/abmes-regional-rj-diploma-digital-impactos-na-regulacao-na-avaliacao-e-na-supervisao,http://www.qedu.org.br/escola/176866-colegio-ph/sobre,-,RJ,"RIO DE JANEIRO
 "
COLÉGIO DAMAS,26122081,RECIFE,http://www.colegiodamas.com.br/web/,http://qedu.org.br/escola/86002-colegio-das-damas-da-instrucao-crista/censo-escolar,(81) 3139-4500,PE,"RECIFE
 "
AMPESC,42114357,FLORIANÓPOLIS,https://www.ampesc.org.br/2018/nova-diretoria-da-ampesc-toma-posse-em-florianopolis/,https://www.qedu.org.br/escola/219423-centro-de-ensino-guroo/censo-escolar,(48) 99831-1613,SC,"FLORIANÓPOLIS
 "
COLÉGIO RIACHUELO,43123988,SANTA MARIA,https://colegioriachuelo.com.br/,https://www.qedu.org.br/escola/233238-colegio-riachuelo/sobre,(55) 3223-4065,RS,"SANTA MARIA
 "
REDE LAUREATE,,SÃO PAULO,https://www.uniritter.edu.br/rede-laureate,,(11) 3896-9700,SP,SÃO PAULO
FUNDAÇÃO BRADESCO,35120947,OSASCO,https://fundacao.bradesco/Escolas?ID=3,http://www.qedu.org.br/escola/186888-bradesco-fundacao-escola-de-educacao-basica/sobre,-,SP,"OSASCO
 "
COLEGIO SALESIANO ITAJAI,42068690,ITAJAÍ,https://salesianoitajai.g12.br/,http://www.qedu.org.br/escola/225565-colegio-salesiano-itajai/sobre,(47) 3390-3300,SC,"ITAJAÍ
 "
COLÉGIO MATER CHRISTI,24002526,MOSSORÓ,https://colegiomaterchristi.com.br/,http://www.qedu.org.br/escola/68802-colegio-mater-christi/sobre,(84) 3422-0500,RN,"MOSSORÓ
 "
OUTROS,35287581,SÃO PAULO,https://saopaulosao.com.br/conteudos/outros.html,http://www.qedu.org.br/escola/209262-colegio-sao-paulo/sobre,-,SP,"SÃO PAULO
 "
CEM ARARUAMA,33026424,ARARUAMA,http://www.cem.g12.br/,http://www.qedu.org.br/escola/175666-colegio-araruama/sobre,(22) 2664-1708,RJ,"ARARUAMA
 "
SENAI BAHIA,29460557,SALVADOR,http://www.senaibahia.com.br/,https://www.qedu.org.br/escola/276020-senai-dendezeiros/sobre,-,BA,"SALVADOR
 "
PARNES PLANEJAMENTO E TREINAMENTO EMPRESARIAL LTDA,35046024,SAO PAULO - ZONA SUL,https://br.linkedin.com/in/igdal-parnes-babb0037/en-us,http://www.qedu.org.br/escola/190470-escola-de-aplicacao-da-faculdade-de-educacao-da-usp/censo-escolar,(11) 3522-9715,SP,"SÃO PAULO
 "
COLÉGIO DAMAS,26122081,RECIFE,http://www.colegiodamas.com.br/web/,http://qedu.org.br/escola/86002-colegio-das-damas-da-instrucao-crista/censo-escolar,(81) 3139-4500,PE,"RECIFE
 "
COLÉGIO SANTO AMERICO,35105600,SÃO PAULO,https://www.santoamerico.org.br/,http://www.qedu.org.br/escola/208387-colegio-santo-americo/sobre,(11) 4084-1888,SP,"SÃO PAULO
 "
CENTRO UNIVERSITARIO ATENEU - UNIATENEU,23271469,FORTALEZA,https://uniateneu.edu.br/,http://www.qedu.org.br/escola/61726-colegio-ateneu/sobre,-,CE,"FORTALEZA
 "
ASSOCIAÇÃO PROPAGADORA ESDEVA,,BELO HORIZONTE,http://www.svdesdeva.com.br/,,(31) 3524-5003,MG,BELO HORIZONTE
UNIVERSIDADE LA SALLE,43037682,CANOAS,https://www.unilasalle.edu.br/canoas,http://www.qedu.org.br/escola/257308-colegio-la-salle/sobre,(51) 3476-8500,RS,"CANOAS
 "
COLÉGIO SANTO AMERICO,35105600,SÃO PAULO,https://www.santoamerico.org.br/,http://www.qedu.org.br/escola/208387-colegio-santo-americo/sobre,(11) 4084-1888,SP,"SÃO PAULO
 "
FACULDADES PEQUENO PRÍNCIPE,41544897,CURITIBA,https://faculdadespequenoprincipe.edu.br/,http://www.qedu.org.br/escola/213642-cei-do-hospital-pequeno-principe/sobre,(41) 3310-1500,PR,"CURITIBA
 "
GRUPO PIMPÃO,,CURITIBA,https://www.pimpao.com.br/,https://qedu.org.br/escola/223844-cei-pimpao/censo-escolar,-,PR,"CURITIBA
 "
PERSONE,,GUARULHOS,"https://br.indeed.com/empregos-de-Persone-em-Guarulhos,-SP",,-,SP,GUARULHOS
UNIRN,,NATAL,http://www.unirn.edu.br/,,(84) 3215-2917,RN,NATAL
FUNDAÇÃO SALVADOR ARENA,35228254,SÃO BERNARDO DO CAMPO,http://www.cefsa.org.br/home/,https://www.qedu.org.br/escola/193734-em-salvador-arena-doutor/censo-escolar,-,SP,"ILHABELA
 "
COLÉGIO SANTO AMERICO,35105600,SÃO PAULO,https://www.santoamerico.org.br/,http://www.qedu.org.br/escola/208387-colegio-santo-americo/sobre,(11) 4084-1888,SP,"SÃO PAULO
 "
SENAI,29463076,BARREIRAS,http://www.fieb.org.br/senai/pagina/2778/unidade-barreiras.aspx,http://qedu.org.br/escola/275992-senai-barreiras/sobre,(77) 2103-4379,BA,"BARREIRAS
 "
INSTITUTO DE EDUCAÇÃO HARMONIA,50009095,CAMPO GRANDE,https://www.harmoniabilingue.com.br/,http://www.qedu.org.br/escola/256997-ie-harmonia-unid-i/sobre,(67) 3341-5757,MS,"CAMPO GRANDE
 "
DESCOMPLICA,,RIO DE JANEIRO,https://descomplica.com.br/sobre/quem-somos/,,(21) 3173-6139,RJ,RIO DE JANEIRO
INSTITUTO PRESBITERIANO MACKENZIE,35135227,BARUERI,https://www.mackenzie.br/colegios/alphaville-tambore,https://qedu.org.br/escola/185059-mackenzie-tambore-colegio-presbiteriano/sobre,(11) 3555-2139,SP,"BARUERI
 "
COLÉGIO ASTHER,35138769,CAMPINAS,https://www.colegioasther.com.br/,https://www.qedu.org.br/escola/182465-colegio-asther/censo-escolar,(19) 3753-6300,SP,"CAMPINAS
 "
COLÉGIO ASTHER,35138769,CAMPINAS,https://www.colegioasther.com.br/,https://www.qedu.org.br/escola/182465-colegio-asther/censo-escolar,(19) 3753-6300,SP,"CAMPINAS
 "
HELVETIA EDUCATION GROUP SA,35161937,NYON,https://helvetiaeducation.ch/,https://www.qedu.org.br/escola/200178-brazilian-international-school/censo-escolar,-,EX,"SÃO PAULO
 "
UNIJORGE,29182581,SALVADOR,https://www.unijorge.edu.br/,http://www.qedu.org.br/escola/126549-colegio-salesiano-do-salvador/sobre,(71) 3206-8000,BA,"SALVADOR
 "
UNESC,42113601,CRICIÚMA,http://www.unesc.net/portal/,http://www.qedu.org.br/escola/216060-colegio-unesc/sobre,(48) 3431-2500,SC,"CRICIÚMA
 "
MARISTA CENTRO- NORTE,53011074,BRASÍLIA,https://marista.edu.br/,http://www.qedu.org.br/escola/242941-colegio-marista-joao-paulo-ii/sobre,-,DF,"BRASÍLIA
 "
GEEKIE,35117717,SÃO PAULO,https://www.geekie.com.br/,http://www.qedu.org.br/escola/195975-colegio-atrio-tatibitati/sobre,(11) 2532-4816,SP,"SANTOS
 "
UNIFEOB,,SÃO JOÃO DA BOA VISTA,https://unifeob.edu.br/,https://qedu.org.br/escola/272564-centro-universitario-fundacao-de-ensino-octavio-bastos-unifeob/sobre,-,SP,"SÃO JOÃO DA BOA VISTA
 "
CONEXIA,35114947,RIBEIRÃO PRETO,https://conexia.com.br/,http://www.qedu.org.br/escola/188272-colegio-metodista-de-ribeirao-preto/sobre,(16) 3603-9500,SP,"RIBEIRÃO PRETO
 "
COLÉGIO SANTO AMERICO,35105600,SÃO PAULO,https://www.santoamerico.org.br/,http://www.qedu.org.br/escola/208387-colegio-santo-americo/sobre,(11) 4084-1888,SP,"SÃO PAULO
 "
FUNDAÇÃO DE ENSINO OCTÁVIO BASTOS - UNIFEOB,,SÃO JOÃO DA BOA VISTA,https://unifeob.edu.br/,https://qedu.org.br/escola/272564-centro-universitario-fundacao-de-ensino-octavio-bastos-unifeob/sobre,-,SP,"SÃO JOÃO DA BOA VISTA
 "
LAUREATE BRASIL,,SAO PAULO,https://br.linkedin.com/company/laureate-s%C3%A3o-paulo,,-,SP,SAO PAULO
UNIVERSIDADE VEIGA DE ALMEIDA,,RIO DE JANEIRO,https://www.uva.br/,http://qedu.org.br/escola/180849-colegio-veiga-de-almeida/enem,(21) 2574-8888,RJ,"RIO DE JANEIRO
 "
AUTÔNOMA,35158483,SÃO PAULO,https://fadisp.com.br/,http://www.qedu.org.br/escola/208514-colegio-stockler/sobre,-,SP,"SÃO PAULO
 "
COLÉGIO VISCONDE DE PORTO SEGURO,35136025,VALINHOS,https://www.portoseguro.org.br/unidade/detalhe/valinhos,http://www.qedu.org.br/escola/191305-porto-seguro-visconde-colegio-unidade-ii/sobre,-,SP,"VALINHOS
 "
COLÉGIO ANGLO - BRASILEIRO,29422248,SALVADOR,http://colegioanglobrasileiro.com.br/,http://www.qedu.org.br/escola/131557-colegio-anglo-brasileiro/sobre,(71) 3367-3040,BA,"SALVADOR
 "
LOURES,35118928,SÃO PAULO,https://www.linkedin.com/company/loures-consultoria,http://www.qedu.org.br/escola/188424-colegio-modulo/sobre,(11) 2391-5005,SP,"SÃO PAULO
 "
EDUCADOR21,33087555,RIO DE JANEIRO,https://br.linkedin.com/company/educador21,http://www.qedu.org.br/escola/169912-colegio-angelorum/sobre,-,RJ,"RIO DE JANEIRO
 "
INSTITUTO PRESBITERIANO MACKENZIE,35103861,SÃO PAULO,https://www.mackenzie.br/,http://www.qedu.org.br/escola/182259-mackenzie-colegio-presbiteriano/censo-escolar,-,SP,"SÃO PAULO
 "
ANHEMBI MORUMBI,35105971,SÃO PAULO,https://portal.anhembi.br/,http://www.qedu.org.br/escola/192185-colegio-anhembi-morumbi/sobre,(11) 4007-1192,SP,"SÃO PAULO
 "
UNIVERSIDADE LA SALLE,43105084,PORTO ALEGRE,https://www.unilasalle.edu.br/canoas,http://www.qedu.org.br/escola/218881-colegio-la-salle-santo-antonio/sobre,(51) 3476-8500,RS,"PORTO ALEGRE
 "
ÂNIMA HOLDING,35162516,SÃO PAULO,https://animaeducacao.com.br/,http://www.qedu.org.br/escola/203861-escola-anima/sobre,(11) 4302-2611,SP,"SÃO PAULO
 "
CONTINUUM ASSESSORIA E CONSULTORIA EMPRESARIAL E EDUCACIONAL LTDA,51064715,SÃO PAULO,https://cnpj.biz/04755579000153,http://qedu.org.br/escola/263896-ee-terra-nova/sobre,-,SP,"TERRA NOVA DO NORTE
 "
COLÉGIO MATER AMABILIS,35108145,GUARULHOS,http://www.colegioma.com/,http://www.qedu.org.br/escola/208009-colegio-mater-amabilis/sobre,(11) 3809-2000,SP,"GUARULHOS
 "
GRUPO EDUCACIONAL UNINTER,,CURITIBA,https://www.uninter.com/,,(41) 2102-3420,PR,CURITIBA
UNIFENAS,31180211,ALFENAS,https://www.unifenas.br/,http://qedu.org.br/escola/155029-colegio-atenas/sobre,-,MG,"ALFENAS
 "
INSTITUTO PRESBITERIANO MACKENZIE,53009940,LAGO SUL,https://www.mackenzie.br/colegios/brasilia,http://www.qedu.org.br/escola/242887-colegio-presbiteriano-mackenzie-brasilia/sobre,-,DF,"BRASÍLIA
 "
DL EDUC,26156202,RECIFE,http://www.portaldaeducacao.recife.pe.gov.br/projetoseacoes,http://www.qedu.org.br/escola/87988-md-educacional-colegio-madre-de-deus-unidade-ii/sobre,-,PE,"RECIFE
 "
,,OSASCO,http://www.osasco.sp.gov.br/,INVALIDO,-,SP,OSASCO
INSTITUTO ELA -EDUCADORAS DO BRASIL,35990012,SÃO PAULO,https://www.abrela.org.br/,http://www.qedu.org.br/escola/184565-instituto-federal-de-sao-paulo-campus-sao-paulo/sobre,-,SP,"SÃO PAULO
 "
ABRH,35127115,SÃO CAETANO DO SUL,https://abrhsp.org.br/conteudo/abrh-sp-no-estadao/institucional-francisco-soeltl-assume-secretaria-em-sao-caetano-do-sul/,http://www.qedu.org.br/escola/211815-objetivo-centro-educacional-unidade-de-sao-caetano-do-sul/sobre,(11) 5112-0600,SP,"SÃO CAETANO DO SUL
 "
CENTRO UNIVERSITÁRIO IESB,53010639,BRASILIA,https://www.iesb.br/,http://www.qedu.org.br/escola/244177-ced-lumni/censo-escolar,(61) 3340-3747,DF,"BRASÍLIA
 "
COLÉGIO VISCONDE DE PORTO SEGURO,35162243,SÃO PAULO,https://www.portoseguro.org.br/,http://www.qedu.org.br/escola/204726-visconde-de-porto-seguro-colegio-unidade-iii/sobre,-,SP,"SÃO PAULO
 "
NATIONAL GEOGRAPHIC LEARNING,35287581,SÃO PAULO,https://eltngl.com/assets/html/latam/brazil/,http://www.qedu.org.br/escola/209262-colegio-sao-paulo/sobre,-,SP,"SÃO PAULO
 "
INSTITUTO DE ENSINO SUPERIOR FRANCISCANO - IESF,,SÃO JOSÉ DE RIBAMAR,https://iesfma.com.br/,,(98) 3274-3204,MA,SÃO JOSÉ DE RIBAMAR
CIEE,35287532,SÃO PAULO,https://portal.ciee.org.br/sp,http://qedu.org.br/escola/198695-instituto-sao-bento-de-ensino/sobre,-,SP,"SÃO PAULO
 "
COLÉGIO SANTO AMERICO,35105600,SÃO PAULO,https://www.santoamerico.org.br/,http://www.qedu.org.br/escola/208387-colegio-santo-americo/sobre,(11) 4084-1888,SP,"SÃO PAULO
 "
CENTRO DE EDUCAÇÃO PROFISSIONAL LTDA,13081101,MANAUS,https://www.melhorescola.com.br/escola/centro-de-assistencia-educacional-ltdaepp-centro-literatus,http://www.qedu.org.br/escola/9069-centro-de-educacao-profissional-ltda-centro-literatus/sobre,(92) 99136-1053,AM,"MANAUS
 "
INSTITUTO PRESBITERIANO MACKENZIE,17055962,PALMAS,https://www.mackenzie.br/colegios/palmas,https://www.qedu.org.br/escola/282928-colegio-presbiteriano-mackenzie-palmas/sobre,(63) 3236-5300,TO,"PALMAS
 "
SENAI - SERVIÇO NACIONAL DE APRENDIZAGEM INDUSTRIAL,33455236,FEIRA DE SANTANA,http://www.fieb.org.br/SENAI/Pagina/2784/Unidade-Feira-de-Santana.aspx,http://www.qedu.org.br/escola/178587-senai/sobre,(12) 3519-4850,BA,"MACAÉ
 "
SAGRADO REDE DE EDUCAÇÃO,35115496,BAURU,https://www.sagradoeducacao.com.br/,http://www.qedu.org.br/escola/188481-colegio-sao-jose/sobre,(14) 3012-8650,SP,"BAURU
 "
ESCOLA CLÁRITAS,35004858,SÃO PAULO,http://www.escolaclaritas.com.br/,https://www.qedu.org.br/escola/285422-claritas-educacao-infantil-e-fundamental/sobre,(11) 5585-0132,SP,"SÃO PAULO
 "
COLÉGIO SEPP,35137194,JACAREÍ,https://colegiosepp.com.br/,http://www.qedu.org.br/escola/185991-saint-exupery-pequeno-principe-colegio-sepp/sobre,(12) 3952-6200,SP,"JACAREÍ
 "
GRUPO EDUCACIONAL UNINTER,,CURITIBA,https://www.uninter.com/,,(41) 2102-3420,PR,CURITIBA
GRUPO MARISTA,41361890,CURITIBA,https://grupomarista.org.br/,http://www.qedu.org.br/escola/213727-marista-santa-monica-c-ei-ef-m/sobre,(41) 3271-2309,PR,"PONTA GROSSA
 "
DELINEA TECNOLOGIA EDUCACIONAL,42114357,FLORIANÓPOLIS,https://www.delinea.com.br/,https://www.qedu.org.br/escola/219423-centro-de-ensino-guroo/censo-escolar,(48) 3207-3414,SC,"FLORIANÓPOLIS
 "
INSTITUTO PRESBITERIANO MACKENZIE,53009940,LAGO SUL,https://www.mackenzie.br/colegios/brasilia,http://www.qedu.org.br/escola/242887-colegio-presbiteriano-mackenzie-brasilia/sobre,-,DF,"BRASÍLIA
 "
EDUKON,,FORTALEZA,https://consultas.plus/lista-de-empresas/ceara/fortaleza/40051167000104-edukon-solucoes-educacionais-ltda/,,-,CE,FORTALEZA
BERNOULLI EDUCAÇÃO,31311723,BELO HORIZONTE,https://www.bernoulli.com.br/bernoulli-educacao/,http://www.qedu.org.br/escola/158679-colegio-bernoulli/sobre,(31) 3306-9600,MG,"BELO HORIZONTE
 "
REDE DAMAS EDUCACIONAL,26122081,RECIFE,https://rededamas.gupy.io/,http://qedu.org.br/escola/86002-colegio-das-damas-da-instrucao-crista/censo-escolar,(81) 3194-5650,PE,"RECIFE
 "
CENTRO UNIVERSITÁRIO DE ITAJUBÁ,31061981,ITAJUBÁ,http://fepi.br/,https://www.qedu.org.br/escola/145634-colegio-da-fepi/sobre,(35) 3629-8400,MG,"ITAJUBÁ
 "
FAM - FACULDADE DE AMERICANA,35174294,AMERICANA,https://www.fam.br/a-fam/,https://www.qedu.org.br/escola/199328-colegio-americana/censo-escolar,(19) 3465-8100,SP,"AMERICANA
 "
UNICHRISTUS,23462442,FORTALEZA,https://unichristus.edu.br/,http://www.qedu.org.br/escola/58041-colegio-christus-unidade-sul/sobre,(85) 3457-5300,CE,"FORTALEZA
 "
SOCIEDADE INTELIGÊNCIA E CORAÇÃO,31007498,BELO HORIZONTE,https://br.linkedin.com/company/sic---sociedade-intelig%C3%AAncia-e-cora%C3%A7%C3%A3o,https://www.qedu.org.br/escola/141880-colegio-franciscano-coracao-de-maria/censo-escolar,-,MG,"BELO HORIZONTE
 "
UNIVIÇOSA,,VIÇOSA,https://www.univicosa.com.br/,,(31) 3899-8000,MG,VIÇOSA
IDEAL EDUCAÇÃO,35810046,SÃO PAULO,https://www.colegioidealsp.com.br/,http://www.qedu.org.br/escola/208080-colegio-ideal/sobre,(11) 2215-6464,SP,"SÃO PAULO
 "
COLÉGIO ASTHER,35138769,CAMPINAS,https://www.colegioasther.com.br/,https://www.qedu.org.br/escola/182465-colegio-asther/censo-escolar,(19) 3753-6300,SP,"CAMPINAS
 "
COLEGIO TURCI E RIBEIRO,,JACAREI,https://jobs.solides.com/colegiosepp,https://webcache.googleusercontent.com/search?q=cache:WlWRdpFdO8QJ:https://www.qedu.org.br/escola/278627-aristeu-jose-turci-prof-emef/ideb+&cd=6&hl=pt-BR&ct=clnk&gl=br,-,SP,"JACAREÍ
 "
ANEC - ASSOCIAÇÃO NACIONAL DE EDUCAÇÃO CATÓLICA DO BRASIL,,BRASÍLIA,https://anec.org.br/,,-,DF,BRASÍLIA
COLÉGIO NOSSA SENHORA DO ROSÁRIO,41131657,CURITIBA,http://colegiorosariocuritiba.com.br/,http://www.qedu.org.br/escola/225273-colegio-nossa-senhora-do-rosario-educacao-infantil-ensino-fundamental-e-medio/sobre,(41) 3256-4543,PR,"CURITIBA
 "
UNESC - CENTRO UNIVERSITÁRIO DO ES,32010311,COLATINA,https://www.unesc.br/,http://www.qedu.org.br/escola/166273-colegio-marista/sobre,(27) 3723-3000,ES,"COLATINA
 "
COLÉGIO ALEMÃO HUMBOLDT,35003669,SÃO PAULO,https://www.humboldt.com.br/,http://www.qedu.org.br/escola/189472-alexandre-von-humboldt/sobre,(11) 5686-4055,SP,"SÃO PAULO
 "
LYCEUM,35101886,SÃO PAULO,https://www.lyceum.com.br/,http://qedu.org.br/escola/193169-colegio-espirito-santo/sobre,(11) 2149-9200,SP,"SÃO PAULO
 "
MITTE,35173712,SÃO PAULO,https://www.mittetecnologia.com.br/,https://www.qedu.org.br/escola/190171-colegio-fereguetti/censo-escolar,(11) 3884-5055,SP,"SÃO PAULO
 "
LOGICALIS,,EMBU-GUAÇU,https://br.linkedin.com/in/fabiula-rodrigues-98773134,,-,SP,EMBU-GUAÇU
COLÉGIO PLUS,35304414,BARRETOS,https://www.colegioplus.net/,http://qedu.org.br/escola/188240-colegio-plus-coc/sobre,(17) 3321-7575,SP,"BARRETOS
 "
CENTRO UNIVERSITÁRIO DO RIO GRANDE DO NORTE,24059293,NATAL,http://www.unirn.edu.br/,https://qedu.org.br/escola/69844-instituto-brasil/sobre,(84) 3215-2917,RN,"NATAL
 "
COLÉGIO FRANCISCANO PIO XII,35105314,SÃO PAULO,https://www.pioxiicolegio.com.br/,http://www.qedu.org.br/escola/210343-colegio-franciscano-pio-xii/sobre,(11) 3759-5050,SP,"SÃO PAULO
 "
AUBRICK,35429612,SÃO PAULO,https://aubrick.com.br/,http://qedu.org.br/escola/213369-aubrick-school-escola-bilingue-multicultural/sobre,(11) 5542-9940,SP,"SÃO PAULO
 "
SEMENTE EDUCAÇÃO S.A.,35050362,SÃO PAULO,https://programasemente.com.br/,http://www.qedu.org.br/escola/190089-eei-semente-bercario-e/sobre,(11) 2091-1397,SP,"RIBEIRÃO PRETO
 "
PUC-CAMPINAS,35112562,CAMPINAS,https://www.puc-campinas.edu.br/,https://www.qedu.org.br/escola/194619-colegio-notre-dame-de-campinas/censo-escolar,(19) 3343-7000,SP,"CAMPINAS
 "
SENAI,31267589,BELO HORIZONTE,http://www7.fiemg.com.br/senai/produto/cursos-tecnicos,http://www.qedu.org.br/escola/161315-senai-centro-tecnologico-de-eletroeletronica-cesar-rodrigues/sobre,-,MG,"BELO HORIZONTE
 "
CENTRO EDUCACIONAL ESTAÇÄO DO APRENDER,33177775,NITERÓI,http://estacaodoaprender.com.br/,https://www.qedu.org.br/escola/281950-centro-educacional-estacao-do-aprender/censo-escolar,(21) 3629-5652,RJ,"NITERÓI
 "
UNESC,32010311,COLATINA,https://www.unesc.br/,http://www.qedu.org.br/escola/166273-colegio-marista/sobre,(27) 3723-3000,ES,"COLATINA
 "
WORKALOVE,31324213,SETE LAGOAS,https://comunidade.startse.com/in/workalove1,http://qedu.org.br/escola/159109-ce-dimensao/sobre,(31) 3153-0603,MG,"SETE LAGOAS
 "
ELECTI EDUCACIONAL,35561125,SÃO PAULO,https://www.electi.com.br/,https://www.qedu.org.br/escola/274139-cp-educacional-colegio/censo-escolar,-,SP,"SÃO PAULO
 "
MAPFRE,35118928,SÃO PAULO,https://www.mapfre.com.br/para-voce/,http://www.qedu.org.br/escola/188424-colegio-modulo/sobre,-,SP,"SÃO PAULO
 "
SENAI,29460581,SALVADOR,http://www.senaicimatec.com.br/,http://www.qedu.org.br/escola/275919-senai-cimatec/censo-escolar,-,BA,"SALVADOR
 "
TECHNE ENGENHARIA E SISTEMAS,35287581,SÃO PAULO,https://www.techne.com.br/,http://www.qedu.org.br/escola/209262-colegio-sao-paulo/sobre,(11) 2149-9200,SP,"SÃO PAULO
 "
CENTRO UNIVERSITÁRIO DE LAVRAS - UNILAVRAS,31328294,LAVRAS,https://unilavras.edu.br/,https://www.qedu.org.br/escola/148552-colegio-universitario-professor-canisio-ignacio-lunkes/censo-escolar,0800 283 2833,MG,"LAVRAS
 "
COLÉGIO DEL REY,31294900,PASSOS,https://www.colegiodelrey.com.br/,https://www.qedu.org.br/escola/152945-colegio-del-rey/censo-escolar,(35) 98861-7908,MG,"PASSOS
 "
INSIS CONSULTORIA E SISTEMAS,31074098,JUIZ DE FORA,https://www.facebook.com/insisconsultoria/,https://www.qedu.org.br/escola/137790-associacao-jesuita-de-educacao-e-assistencia-social/censo-escolar,-,MG,"JUIZ DE FORA
 "
CENTRO UNIVERSITÁRIO IESB,,BRASÍLIA,https://www.iesb.br/,https://www.qedu.org.br/escola/272453-c-universitario-inst-de-educ-superior-de-brasilia-iesb-unidade-asa-sul/sobre,(61) 3340-3747,DF,"BRASÍLIA
 "
COLÉGIO SANTO AMERICO,35105600,SÃO PAULO,https://www.santoamerico.org.br/,http://www.qedu.org.br/escola/208387-colegio-santo-americo/sobre,(11) 4084-1888,SP,"SÃO PAULO
 "
SARAIVA,35346640,SÃO PAULO,https://www.saraiva.com.br/sao-paulo-3660586/p,http://www.qedu.org.br/escola/183309-instituto-jorge-saraiva/sobre,-,SP,"SÃO PAULO
 "
ESCOLA DE ENSINO MÉDIO NOSSA SENHORA DE FÁTIMA,43146074,SAPUCAIA DO SUL,https://escolafatima.com.br/,http://www.qedu.org.br/escola/233397-eem-nossa-senhora-de-fatima/sobre,(51) 3474-3442,RS,"SAPUCAIA DO SUL
 "
COLÉGIO VIANNA,35809913,RIBEIRÃO PRETO,http://www.colegiovianna.com.br/fundamental.html,http://qedu.org.br/escola/204283-colegio-vianna/sobre,(16) 3625-5409,SP,"RIBEIRÃO PRETO
 "
COMUNIDADE ED O PEQUENO PRÍNCIPE,52087093,GOIÂNIA,https://www.melhorescola.com.br/escola/comunidade-educacional-o-pequeno-principe-ltda,http://www.qedu.org.br/escola/246787-comunidade-educacional-o-pequeno-principe-ltda/sobre,(62) 3241-8772,GO,"GOIÂNIA
 "
COLÉGIO SEPP,35137194,JACAREÍ,https://colegiosepp.com.br/,http://www.qedu.org.br/escola/185991-saint-exupery-pequeno-principe-colegio-sepp/sobre,(12) 3952-6200,SP,"JACAREÍ
 "
COLÉGIO MARTHA FALCÃO,13025082,MANAUS,https://colegiomarthafalcao.com.br/novosite/,https://www.qedu.org.br/escola/9599-associacao-de-ciencias-educacao-e-tecnologia-da-amazonia-colegio-martha-falcao/censo-escolar,(92) 3303-0700,AM,"MANAUS
 "
UNIFIPMOC,31096229,MONTES CLAROS,https://www.unifipmoc.edu.br/,https://qedu.org.br/escola/153813-centro-de-estudos-indyu/censo-escolar,(38) 3214-7100,MG,"MONTES CLAROS
 "
ESCOLA BAHIANA DE MEDICINA E SAÚDE PÚBLICA,29446767,SALVADOR,https://www.bahiana.edu.br/,http://www.qedu.org.br/escola/119841-escola-bahiana-de-ciencia-e-tecnologia/sobre,-,BA,"SALVADOR
 "
KNN IDIOMAS,,MOGI DAS CRUZES,https://www.knnidiomas.com.br/unidade/mogi-das-cruzes/,,-,SP,MOGI DAS CRUZES
COLÉGIO VISCONDE DE PORTO SEGURO,35162243,SÃO PAULO,https://www.portoseguro.org.br/,http://www.qedu.org.br/escola/204726-visconde-de-porto-seguro-colegio-unidade-iii/sobre,-,SP,"SÃO PAULO
 "
FACULDADES PEQUENO PRÍNCIPE,41544897,CURITIBA,https://faculdadespequenoprincipe.edu.br/,http://www.qedu.org.br/escola/213642-cei-do-hospital-pequeno-principe/sobre,(41) 3310-1500,PR,"CURITIBA
 "
FTD EDUCAÇÃO,35157016,SÃO PAULO,https://ftd.com.br/,http://www.qedu.org.br/escola/196965-colegio-saab/sobre,-,SP,"SÃO PAULO
 "
COLÉGIO SAGRADO CORAÇÃO DE JESUS,,,,INVALIDO,,,
UNIVERSIDADE VEIGA DE ALMEIDA,,RIO DE JANEIRO,https://www.uva.br/,http://qedu.org.br/escola/180849-colegio-veiga-de-almeida/enem,(21) 2574-8888,RJ,"RIO DE JANEIRO
 "
COLÉGIO DIOCESANO DE CARUARU,26053837,CARUARU,https://diocesanocaruaru.g12.br/,http://www.qedu.org.br/escola/89367-colegio-diocesano-de-caruaru/sobre,(81) 3721-0833,PE,"CARUARU
 "
COLÉGIO CHAMINADE,35115496,BAURU,https://www.chaminade.com.br/,http://www.qedu.org.br/escola/188481-colegio-sao-jose/sobre,(14) 3235-1900,SP,"BAURU
 "
CAMINO EDUCATION,35133991,SÃO PAULO,https://caminoeducation.com/,https://www.qedu.org.br/escola/185433-ce-caminho-aberto/censo-escolar,(11) 98554-5711,SP,"SÃO PAULO
 "
CENTRO DE ENSINO UNIFICADO DO PIAUÍ -CEUPI,22028692,TERESINA,https://www.educaedu-brasil.com/centros/ceut--centro-de-ensino-unificado-de-teresina-uni3037,http://www.qedu.org.br/escola/49839-ue-monsenhor-cicero-portela-nunes/sobre,-,PI,"TERESINA
 "
COLÉGIO UNESC,42113601,CRICIÚMA,https://www.unesc.net/portal/colegio-unesc,http://www.qedu.org.br/escola/216060-colegio-unesc/sobre,(48) 3431-2530,SC,"CRICIÚMA
 "
ASSOCIAÇÃO FRANCO BRASILEIRA,33063419,RIO DE JANEIRO,http://www.congregacaosantosanjos.com.br/assembleia-da-associacao-franco-brasileira/,http://www.qedu.org.br/escola/172296-colegio-franco-brasileiro/sobre,(21) 2569-3344,RJ,"RIO DE JANEIRO
 "
COLÉGIO DONA CLARA,31246051,BELO HORIZONTE,https://www.donaclara.com.br/,http://www.qedu.org.br/escola/160889-colegio-dona-clara/sobre,(31) 3497-6919,MG,"BELO HORIZONTE
 "
COLÉGIO IMPERATRIZ DONA LEOPOLDINA,41100700,GUARAPUAVA,https://www.colegioimperatriz.net.br/,https://www.qedu.org.br/escola/239602-colegio-imperatriz-dona-leopoldina/censo-escolar,(42) 3625-8356,PR,"GUARAPUAVA
 "
SEJUNTA,35429156,SÃO PAULO,https://sejunta.com.br/,http://qedu.org.br/escola/206114-colegio-harmonia/censo-escolar,-,SP,"SÃO PAULO
 "
UNIVAS - UNIVERSIDADE DO VALE DO SAPUCAÍ,31343781,POUSO ALEGRE,https://www.univas.edu.br/,https://www.qedu.org.br/escola/160639-colegio-vale-do-sapucai/censo-escolar,(35) 3449-9234,MG,"POUSO ALEGRE
 "
maisA Educação SA,43105050,PORTO ALEGRE,https://br.linkedin.com/in/ma%C3%ADsa-andrade-b081251bb,https://www.qedu.org.br/escola/218489-escola-de-educ-bas-rainha-do-brasil/censo-escolar,-,RS,"PORTO ALEGRE
 "
CAMB - ESCOLA CAMINHO ABERTO,35133991,SÃO PAULO,http://escolacamb.com.br/,https://www.qedu.org.br/escola/185433-ce-caminho-aberto/censo-escolar,(11) 5575-8898,SP,"SÃO PAULO
 "
SINEPE RJ,33143676,NITERÓI,https://www.sineperj.org.br/,https://www.qedu.org.br/escola/179339-colegio-e-curso-m3-unidade-niteroi/censo-escolar,(21) 2717-5812,RJ,"NITERÓI
 "
COLÉGIO NOSSA SENHORA DOS PRAZERES,24061760,GOIANINHA,http://www.cnsprn.com.br/,http://www.qedu.org.br/escola/72660-colegio-nossa-senhora-dos-prazeres/sobre,(84) 3243-2290,RN,"GOIANINHA
 "
FACULDADE DE TECNOLOGIA EM SAÚDE,35114923,RIBEIRÃO PRETO,https://www.fatesa.edu.br/,http://www.qedu.org.br/escola/187896-colegio-brasil/sobre,-,SP,"RIBEIRÃO PRETO
 "
PERSONE,35173712,SAO PAULO,https://persone.com.br/,https://www.qedu.org.br/escola/190171-colegio-fereguetti/censo-escolar,(11) 2222-1132,SP,"SÃO PAULO
 "
FACULDADE CÁSPER LÍBERO,35052097,SÃO PAULO,https://casperlibero.edu.br/,http://www.qedu.org.br/escola/190322-emei-casper-libero/sobre,(11) 3170-5880,SP,"SÃO PAULO
 "
ISE BUSINESS SCHOOL,35161937,SÃO PAULO,https://ise.org.br/,https://www.qedu.org.br/escola/200178-brazilian-international-school/censo-escolar,(11) 3177-8200,SP,"SÃO PAULO
 "
ORDEM ROSACRUZ AMORC,,CURITIBA,https://www.amorc.org.br/,,-,PR,CURITIBA
CENTRO UNIVERSITÁRIO INTERNACIONAL - UNINTER,41156200,CURITIBA,https://www.uninter.com/centro-universitario-internacional/,https://www.qedu.org.br/escola/278167-ciebja-uninter-ef-m-p/censo-escolar,-,PR,"CURITIBA
 "
EXP INTELIGÊNCIA EDUCACIONAL,35561125,SÃO PAULO,https://www.facebook.com/expeduc/,https://www.qedu.org.br/escola/274139-cp-educacional-colegio/censo-escolar,(11) 3057-4063,SP,"SÃO PAULO
 "
CENTRO EDUCACIONAL HYARTE ML LTDA,,PARACATU,https://applocal.com.br/empresa/centro-educacional-hyarte-ml/paracatu/mg/9699402,,-,MG,PARACATU
COLÉGIO MORUMBI SUL,35124795,SÃO PAULO,https://morumbisul.com.br/,http://www.qedu.org.br/escola/189033-colegio-morumbi-sul/sobre,(11) 3594-0600,SP,"SÃO PAULO
 "
COLÉGIO VISCONDE DE PORTO SEGURO,35162243,SÃO PAULO,https://www.portoseguro.org.br/,http://www.qedu.org.br/escola/204726-visconde-de-porto-seguro-colegio-unidade-iii/sobre,-,SP,"SÃO PAULO
 "
UNIFSA - CENTRO UNIVERSITÁRIO SANTO AGOSTINHO,22138544,TERESINA,https://www.unifsa.com.br/,http://www.qedu.org.br/escola/51014-instituto-santo-agostinho/sobre,(86) 3215-8700,PI,"TERESINA
 "
MARISTA CENTRO-NORTE,53003659,TAGUATINGA,https://marista.edu.br/champagnat/,https://www.qedu.org.br/escola/243315-colegio-marista-champagnat/censo-escolar,(61) 2191-1522,DF,"BRASÍLIA
 "
COLÉGIO SANTO AMERICO,35105600,SÃO PAULO,https://www.santoamerico.org.br/,http://www.qedu.org.br/escola/208387-colegio-santo-americo/sobre,(11) 4084-1888,SP,"SÃO PAULO
 "
TROIKA,,BRASÍLIA,https://www.troikabr.com/post/voc%C3%AA-j%C3%A1-conhece-a-nova-s%C3%B3cia-do-time-troika-%C3%A9-a-isabela-villas-boas,,(11) 3294-8295,DF,BRASÍLIA
COLÉGIO SANTO AMERICO,35105600,SÃO PAULO,https://www.santoamerico.org.br/,http://www.qedu.org.br/escola/208387-colegio-santo-americo/sobre,(11) 4084-1888,SP,"SÃO PAULO
 "
INSTITUTO ELA,35287581,SÃO PAULO,https://www.institutoela.org.br/quem-somos,http://www.qedu.org.br/escola/209262-colegio-sao-paulo/sobre,(11) 96428-3796,SP,"SÃO PAULO
 "
COLÉGIO LA SALLE CAXIAS,43043666,CAXIAS DO SUL,https://lasalle.edu.br/caxias/,http://qedu.org.br/escola/231219-colegio-la-salle/censo-escolar,(54) 3223-7555,RS,"CAXIAS DO SUL
 "
COLÉGIO ASTHER,35138769,CAMPINAS,https://www.colegioasther.com.br/,https://www.qedu.org.br/escola/182465-colegio-asther/censo-escolar,(19) 3753-6300,SP,"CAMPINAS
 "
COLÉGIO 21 DE ABRIL,23064641,FORTALEZA,https://www.colegio21deabril.com.br/,http://www.qedu.org.br/escola/61503-colegio-21-de-abril/sobre,(85) 4006-0800,CE,"FORTALEZA
 "
COLEGIO CRESCER DE JUNDIAI,35175420,JUNDIAÍ,http://colegiocrescerjundiai.com.br/,http://qedu.org.br/escola/202669-colegio-crescer-de-jundiai/sobre,(11) 4587-7568,SP,"JUNDIAÍ
 "
UNIÃO BRASILEIRA DE EDUCAÇÃO E ENSINO,35810630,BRASÍLIA,https://br.linkedin.com/company/uniao-brasileira-de-educacao-e-ensino,https://qedu.org.br/escola/195689-ie-uniao-brasileira/sobre,(61) 2102-2152,DF,"SÃO PAULO
 "
COLÉGIO EXECUTIVO,24057061,NATAL,https://pt-br.facebook.com/colegioexecutivo,http://www.qedu.org.br/escola/77586-colegio-executivo-ltda/sobre,(84) 3236-2763,RN,"NATAL
 "
ASSOCIAO PROPAGADORA ESDEVA,,BELO HORIZONTE,http://www.svdesdeva.com.br/,,(31) 3524-5003,MG,BELO HORIZONTE
INTERATIVA,41031105,LONDRINA,https://interativalondrina.com.br/,http://www.qedu.org.br/escola/212744-eiefm-colegio-interativa/sobre,(43) 3376-8500,PR,"LONDRINA
 "
UNIFADRA,35466761,PRESIDENTE PRUDENTE,https://fundec.edu.br/unifadra/noticia/3257,http://www.qedu.org.br/escola/268766-esquema-unico-educacional-de-presidente-prudente/sobre,(18) 3821-9000,SP,"PRESIDENTE PRUDENTE
 "
ARQUITETURA EDUCACIONAL,42152054,FLORIANÓPOLIS,https://www.archdaily.com.br/br/927009/creche-em-florianopolis-e-a-primeira-do-mundo-com-selo-maximo-de-arquitetura-sustentavel,http://qedu.org.br/escola/280566-colegio-do-campeche/sobre,-,SC,"FLORIANÓPOLIS
 "
GREAT SCHOOLS,35287581,SÃO PAULO,https://www.international-schools-database.com/in/sao-paulo/top-schools-in-sao-paulo,http://www.qedu.org.br/escola/209262-colegio-sao-paulo/sobre,-,SP,"SÃO PAULO
 "
UNIÃO BRASILEIRA DE EDUCAÇÃO E ENSINO,35810630,BRASÍLIA,https://br.linkedin.com/company/uniao-brasileira-de-educacao-e-ensino,https://qedu.org.br/escola/195689-ie-uniao-brasileira/sobre,(61) 2102-2152,DF,"SÃO PAULO
 "
ISAAC,35140880,SÃO PAULO,https://lnb.com.br/atletas/isaac-rafael-gon%C3%A7alves/,http://www.qedu.org.br/escola/193338-colegio-isaac-newton-sir/sobre,-,SP,"SÃO PAULO
 "
COLÉGIO SANTO ANJO,41155815,CURITIBA,https://www.colegiosantoanjo.com.br/,http://www.qedu.org.br/escola/278670-colegio-santo-anjo-barigui-ens-fundamental-e-ens-medio/sobre,-,PR,"CURITIBA
 "
FUNDAÇÃO EDUCACIONAL DE LAVRAS,31354848,LAVRAS,https://www.afeesmig.org.br/fundacao-educacional-de-lavras/,https://www.qedu.org.br/escola/269318-colegio-losango-de-lavras/censo-escolar,-,MG,"LAVRAS
 "
ASSOCIAÇÃO PROPAGADORA ESDEVA,,BH,http://www.svdesdeva.com.br/,,(31) 3524-5003,MG,BH
FACULDADES PEQUENO PRÍNCIPE,41544897,CURITIBA,https://faculdadespequenoprincipe.edu.br/,http://www.qedu.org.br/escola/213642-cei-do-hospital-pequeno-principe/sobre,(41) 3310-1500,PR,"CURITIBA
 "
UNIATENEU,23271469,FORTALEZA,https://uniateneu.edu.br/,http://www.qedu.org.br/escola/61726-colegio-ateneu/sobre,0800 006 1717,CE,"FORTALEZA
 "
SECRETARIA MUNICIPAL DE EDUCAÇÃO DE LINHARES,32082380,LINHARES,https://linhares.es.gov.br/secretaria-municipal-de-educacao/,http://qedu.org.br/escola/286235-escola-de-educacao-basica-cep-educacional/sobre,-,ES,"LINHARES
 "
COLÉGIO VISCONDE DE PORTO SEGURO,35162243,SÃO PAULO,https://www.portoseguro.org.br/,http://www.qedu.org.br/escola/204726-visconde-de-porto-seguro-colegio-unidade-iii/sobre,-,SP,"SÃO PAULO
 "
CAMINO EDUCATION,35133991,SÃO PAULO,https://caminoeducation.com/,https://www.qedu.org.br/escola/185433-ce-caminho-aberto/censo-escolar,(11) 98554-5711,SP,"SÃO PAULO
 "
UNIVERSIDADE LA SALLE,43105084,PORTO ALEGRE,https://www.unilasalle.edu.br/canoas,http://www.qedu.org.br/escola/218881-colegio-la-salle-santo-antonio/sobre,(51) 3476-8500,RS,"PORTO ALEGRE
 "
SINDICATO DAS ENT MANT DE EST DE EDUC SUP DO ESTADO DE GOIÁS,52034275,GOIÂNIA,http://www.semesg.org.br/,http://www.qedu.org.br/escola/242857-colegio-de-aplicacao-do-instituto-de-educacao-de-goias/censo-escolar,-,GO,"GOIÂNIA
 "
UNIP,,SÃO PAULO,https://www.unip.br/,https://www.qedu.org.br/escola/276745-universidade-paulista-unip-campus-paraiso-vergueiro/sobre,-,SP,"SÃO PAULO
 "
ESCOLA CARLITOS,35131891,SÃO PAULO,https://www.escolacarlitos.com.br/,http://qedu.org.br/escola/211598-carlitos-escola-unidade-i/sobre,(11) 3662-9591,SP,"SÃO PAULO
 "
COLÉGIO APOIO LTDA.,29178223,SALVADOR,https://www.jusbrasil.com.br/topicos/47649679/colegio-apoio-ltda,http://qedu.org.br/escola/126093-colegio-apoio-vilas/sobre,(71) 3379-0191,BA,"LAURO DE FREITAS
 "
FUNDAÇÃO DE ENSINO OCTÁVIO BASTOS - UNIFEOB,,SÃO JOÃO DA BOA VISTA,https://unifeob.edu.br/,https://qedu.org.br/escola/272564-centro-universitario-fundacao-de-ensino-octavio-bastos-unifeob/sobre,-,SP,"SÃO JOÃO DA BOA VISTA
 "
GRUPO SEB,35140430,RIBEIRÃO PRETO,https://sebsa.com.br/,http://www.qedu.org.br/escola/189400-seb-coc-unidade-portugal/censo-escolar,(16) 3603-9500,SP,"RIBEIRÃO PRETO
 "
COLÉGIO SANTO AMERICO,35105600,SÃO PAULO,https://www.santoamerico.org.br/,http://www.qedu.org.br/escola/208387-colegio-santo-americo/sobre,(11) 4084-1888,SP,"SÃO PAULO
 "
COLÉGIO IMPERATRIZ DONA LEOPOLDINA,41100700,COLÔNIA VITÓRIA (GUARAPUAVA),https://www.colegioimperatriz.net.br/,http://qedu.org.br/escola/239602-colegio-imperatriz-dona-leopoldina/sobre,(42) 3625-8356,PR,"GUARAPUAVA
 "
BENQ,35118928,SÃO PAULO,https://www.benq.com/pt-br/suporte/fale-conosco.html,http://www.qedu.org.br/escola/188424-colegio-modulo/sobre,-,SP,"SÃO PAULO
 "
MIRA COMUNICAÇÃO,35118928,SÃO PAULO,https://miracomunica.com.br/,http://www.qedu.org.br/escola/188424-colegio-modulo/sobre,(11) 4563-6004,SP,"SÃO PAULO
 "
SAS,35158525,SÃO PAULO,https://www.prefeitura.sp.gov.br/cidade/secretarias/assistencia_social/assistencia__social/cas/index.php?p=2001,http://www.qedu.org.br/escola/208516-colegio-cerimar/sobre,-,SP,"SÃO PAULO
 "
SESI /ES,32041390,VITÓRIA,https://www.sesies.com.br/,http://www.qedu.org.br/escola/162578-cat-jose-tarquinio-silva/sobre,-,ES,"VITÓRIA
 "
CAMINO EDUCATION,,SALTO,https://www.salto-youth.net/tools/european-training-calendar/training/camino.8547/,,-,SP,SALTO
BENQ,FALSE,SÃO PAULO,https://www.benq.com/pt-br/suporte/fale-conosco.html,FALSE,-,SP,
SOCIEDADE MINEIRA DE CULTURA,31014087,BELO HORIZONTE,https://arquidiocesebh.org.br/arquidiocese/instituicoes/sociedade-mineira-de-cultura/,-,http://www.qedu.org.br/escola/137816-colegio-santa-maria-contagem/sobre,MG,"CONTAGEM
 "
COLÉGIO CHAMINADE,35115496,BAURU,https://www.chaminade.com.br/,(14) 3235-1900,http://www.qedu.org.br/escola/188481-colegio-sao-jose/sobre,SP,"BAURU
 "
MIRA COMUNICAÇÃO,35255497,SÃO PAULO,https://miracomunica.com.br/,(11) 4563-6004,http://qedu.org.br/escola/190934-radioficina-cursos-de-comunicacao/sobre,SP,"SÃO PAULO
 "
FAMINAS,31006513,BELO HORIZONTE,https://www.faminasbh.edu.br/,(31) 2126-3100,http://www.qedu.org.br/escola/138543-colegio-nossa-senhora-da-piedade/sobre,MG,"BELO HORIZONTE
 "
CONTRUTORA COSTA FEITOSA,35144150,ARUJÁ,https://www.costafeitosa.com.br/,(11) 2236-1866,http://www.qedu.org.br/escola/186931-colegio-sion/sobre,SP,"ARUJÁ
 "
ESCOLA EDUQUE,35178020,SÃO PAULO,https://www.escolaeduque.com.br/,(11) 5581-0123,http://www.qedu.org.br/escola/198863-escola-eduque-nova/sobre,SP,"SÃO PAULO
 "
NEWTON,35058531,VOTORANTIM,https://br.linkedin.com/in/newton-martins-30643741,-,http://www.qedu.org.br/escola/211643-emeief-helena-pereira-de-moraes/censo-escolar,SP,"VOTORANTIM
 "
GRUPO EDUCACIONAL BOM JESUS,41127722,CURITIBA,https://www.grupoeducacionalbomjesus.com.br/,-,http://www.qedu.org.br/escola/237906-colegio-bom-jesus-ensino-fundamental-e-medio/sobre,PR,"CURITIBA
 "
SENAI BAHIA,29353203,ILHÉUS,https://www.mundosenai.com.br/escolas/senai-ilheus/,(73) 3222-7070,http://www.qedu.org.br/escola/123026-centro-integrado-de-atividades-sesi-senai/sobre,BA,"CANDEIAS
 "
UNIVERSIDADE VILA VELHA-UVV,32063563,VILA VELHA,https://uvv.br/,(27) 3421-2001,http://www.qedu.org.br/escola/167068-colegio-americano-batista-da-praia-da-costa/sobre,ES,"VILA VELHA
 "
UNIVERSIDADE CATÓLICA DE PERNAMBUCO,26146690,RECIFE,https://portal.unicap.br/,(81) 2119-4000,http://www.qedu.org.br/escola/85515-escola-americana-do-recife/sobre,PE,"RECIFE
 "
UNIVERSIDADE VEIGA DE ALMEIDA,,RIO DE JANEIRO,https://www.uva.br/,(21) 2574-8888,http://qedu.org.br/escola/180849-colegio-veiga-de-almeida/enem,RJ,"RIO DE JANEIRO
 "
COLÉGIO SANTO AMERICO,35105600,SÃO PAULO,https://www.santoamerico.org.br/,(11) 4084-1888,http://www.qedu.org.br/escola/208387-colegio-santo-americo/sobre,SP,"SÃO PAULO
 "
CEM,33026424,ARARUAMA,http://www.cem.g12.br/,(22) 2664-1708,http://www.qedu.org.br/escola/175666-colegio-araruama/sobre,RJ,"ARARUAMA
 "
COLÉGIO DANTE ALIGHIERI,35103524,SÃO PAULO,https://www.colegiodante.com.br/,(11) 3179-4400,http://www.qedu.org.br/escola/190585-colegio-dante-alighieri/sobre,SP,"SÃO PAULO
 "
CNA,35438662,SÃO PAULO,https://www.cna.com.br/,-,http://www.qedu.org.br/escola/213610-fernando-de-almeida-colegio-educacao-infantil-e-fundamental/sobre,SP,"SÃO PAULO
 "
UNIVERSIDADE MUNICIPAL DE SÃO CAETANO DO SUL,35127115,SÃO CAETANO DO SUL,https://www.uscs.edu.br/,(11) 4239-3200,http://www.qedu.org.br/escola/211815-objetivo-centro-educacional-unidade-de-sao-caetano-do-sul/sobre,SP,"SÃO CAETANO DO SUL
 "
COLÉGIO CRIATIVO,42113130,FLORIANÓPOLIS,https://www.floripacriativo.com.br/,(48) 3248-3704,http://www.qedu.org.br/escola/221695-ce-criativo/sobre,SC,"FLORIANÓPOLIS
 "
TECHNE,35119611,SÃO BERNARDO DO CAMPO,https://www.techne.com.br/,-,https://www.qedu.org.br/escola/182577-colegio-harmonia/censo-escolar,SP,"SÃO BERNARDO DO CAMPO
 "
COLÉGIO SANTA CATARINA,35101175,SÃO PAULO,https://www.santacatarina-sp.com.br/,(11) 2076-9999,http://www.qedu.org.br/escola/187598-colegio-santa-catarina/censo-escolar,SP,"SÃO PAULO
 "
COLÉGIO NOSSA SENHORA DAS NEVES,24057096,NATAL,https://colegiodasneves.com.br/,(84) 3215-7100,http://www.qedu.org.br/escola/73833-colegio-nossa-senhora-das-neves/censo-escolar,RN,"NATAL
 "
SAS,23272430,FORTALEZA,https://saseducacao.com.br/,(85) 3033-8264,http://www.qedu.org.br/escola/65180-colegio-ari-de-sa-cavalcante-sede-aldeota/sobre,CE,"FORTALEZA
 "
COLÉGIO VISCONDE DE PORTO SEGURO,35162243,SÃO PAULO,https://www.portoseguro.org.br/,-,http://www.qedu.org.br/escola/204726-visconde-de-porto-seguro-colegio-unidade-iii/sobre,SP,"SÃO PAULO
 "
COLÉGIO SEPP,35137194,JACAREÍ,https://colegiosepp.com.br/,(12) 3952-6200,http://www.qedu.org.br/escola/185991-saint-exupery-pequeno-principe-colegio-sepp/sobre,SP,"JACAREÍ
 "
BERNOULLI SISTEMA DE ENSINO,31311723,BELO HORIZONTE,https://www.bernoulli.com.br/sistema-de-ensino/,(31) 3029-4949,http://www.qedu.org.br/escola/158679-colegio-bernoulli/sobre,MG,"BELO HORIZONTE
 "
CENTRO UNIVERSITARIO ATENEU - UNIATENEU,23271469,FORTALEZA,https://uniateneu.edu.br/,-,http://www.qedu.org.br/escola/61726-colegio-ateneu/sobre,CE,"FORTALEZA
 "
CENTRO EDUCACIONAL ALVES FARIA,52080129,GOIÂNIA,https://www.unialfa.com.br/,-,http://www.qedu.org.br/escola/241544-centro-educacional-brinquedo-de-crianca/sobre,GO,"GOIÂNIA
 "
MARISTA CENTRO-NORTE,,,,,INVALIDO,,
COLÉGIO VISCONDE DE PORTO SEGURO,35162243,SÃO PAULO,https://www.portoseguro.org.br/,-,http://www.qedu.org.br/escola/204726-visconde-de-porto-seguro-colegio-unidade-iii/sobre,SP,"SÃO PAULO
 "
FUNDAÇÃO SALVADOR ARENA,35228254,SÃO BERNARDO DO CAMPO,http://www.cefsa.org.br/home/,-,https://www.qedu.org.br/escola/193734-em-salvador-arena-doutor/censo-escolar,SP,"ILHABELA
 "
COLÉGIO VISCONDE DE PORTO SEGURO,35162243,SÃO PAULO,https://www.portoseguro.org.br/,-,http://www.qedu.org.br/escola/204726-visconde-de-porto-seguro-colegio-unidade-iii/sobre,SP,"SÃO PAULO
 "
COLÉGIO VISCONDE DE PORTO SEGURO,35162243,SÃO PAULO,https://www.portoseguro.org.br/,-,http://www.qedu.org.br/escola/204726-visconde-de-porto-seguro-colegio-unidade-iii/sobre,SP,"SÃO PAULO
 "
CENTRO UNIVERSITARIO ATENEU - UNIATENEU,23271469,FORTALEZA,https://uniateneu.edu.br/,-,http://www.qedu.org.br/escola/61726-colegio-ateneu/sobre,CE,"FORTALEZA
 "
SENAI BAHIA,29462983,VITÓRIA DA CONQUISTA,https://www.mundosenai.com.br/escolas/senai-vitoria-da-conquista/,(77) 3086-8300,http://www.qedu.org.br/escola/276145-senai-dr-ba/sobre,BA,"VITÓRIA DA CONQUISTA
 "
REDE ALIX,35104097,SÃO PAULO,http://www.redealix.org.br/,(11) 3672-8752,http://www.qedu.org.br/escola/200640-colegio-madre-alix/sobre,SP,"SÃO PAULO
 "
SINERGIA EDUCAÇÃO,33063354,RIO DE JANEIRO,https://www.solutudo.com.br/rj/rio-janeiro/treinamentos/sinergia-educacao-17367769,-,http://www.qedu.org.br/escola/172190-colegio-da-imaculada-conceicao/sobre,RJ,"RIO DE JANEIRO
 "
CENTRO EDUCACIONAL ESTAÇÃO DO APRENDER,33177775,NITEROI,http://estacaodoaprender.com.br/,(21) 3629-5652,https://www.qedu.org.br/escola/281950-centro-educacional-estacao-do-aprender/censo-escolar,RJ,"NITERÓI
 "
CONEXIA,35114947,RIBEIRÃO PRETO,https://conexia.com.br/,(16) 3603-9500,http://www.qedu.org.br/escola/188272-colegio-metodista-de-ribeirao-preto/sobre,SP,"RIBEIRÃO PRETO
 "
SERVIÇO NACIONAL DE APRENDIZAGEM INDUSTRIAL,29182581,SALVADOR,http://www.senaicimatec.com.br/,-,http://www.qedu.org.br/escola/126549-colegio-salesiano-do-salvador/sobre,BA,"SALVADOR
 "
CENTRO UNIVERSITÁRIO SÃO CAMILO,35130382,SÃO PAULO,https://saocamilo-sp.br/,0300 017 8585,http://qedu.org.br/escola/189057-sao-camilo-cardeal-motta-unidade-ii-colegio/sobre,SP,"SÃO PAULO
 "
COLÉGIO SANTO AGOSTINHO - BARRA,33065403,RIO DE JANEIRO,http://www.csanl.com.br/,(21) 2438-4900,http://www.qedu.org.br/escola/175985-colegio-santo-agostinho/sobre,RJ,"RIO DE JANEIRO
 "
CAMARGO RODRIGUES ASSESSORIA EM COBRANÇAS,,SÃO PAULO,http://www.camargorodrigues.com.br/,(11) 3371-9144,,SP,SÃO PAULO
FAMINAS,31006513,BELO HORIZONTE,https://www.faminasbh.edu.br/,(31) 2126-3100,http://www.qedu.org.br/escola/138543-colegio-nossa-senhora-da-piedade/sobre,MG,"BELO HORIZONTE
 "
UNIVERSIDADE DE SÃO FRANCISCO - USF,,ITATIBA,https://www.usf.edu.br/institucional/infra.vm?id=74971207,(11) 4534-8000,,SP,ITATIBA
PONTIFÍCIA UNIVERSIDADE CATÓLICA DO PARANÁ,41127722,CURITIBA,https://www.pucpr.br/,(41) 3271-1555,http://www.qedu.org.br/escola/237906-colegio-bom-jesus-ensino-fundamental-e-medio/sobre,PR,"CURITIBA
 "
COLÉGIO MARISTA JOÃO PAULO II,53011074,BRASÍLIA,https://colegios.redemarista.org.br/joao-paulo-ii,(61) 3426-4600,http://www.qedu.org.br/escola/242941-colegio-marista-joao-paulo-ii/sobre,DF,"BRASÍLIA
 "
GB PRINT REMARK,35118928,SÃO PAULO,https://br.linkedin.com/company/gb-network-&-print,(11) 5535-1589,http://www.qedu.org.br/escola/188424-colegio-modulo/sobre,SP,"SÃO PAULO
 "
COLÉGIO MARIA ESTER,23073578,FORTALEZA,http://www.cme1.com.br/,-,http://www.qedu.org.br/escola/61452-colegio-maria-ester/sobre,CE,"FORTALEZA
 "
COLÉGIO NOTRE DAME,35102787,SÃO PAULO,http://rainha.notredame.org.br/,(11) 3873-0366,http://www.qedu.org.br/escola/200400-colegio-notre-dame/sobre,SP,"SÃO PAULO
 "
UNIVERSIDADE VEIGA DE ALMEIDA,,RIO DE JANEIRO,https://www.uva.br/,(21) 2574-8888,http://qedu.org.br/escola/180849-colegio-veiga-de-almeida/enem,RJ,"RIO DE JANEIRO
 "
FTD EDUCAÇÃO,35157016,SÃO PAULO,https://ftd.com.br/,-,http://www.qedu.org.br/escola/196965-colegio-saab/sobre,SP,"SÃO PAULO
 "
COLÉGIO NOSSA SENHORA DA PIEDADE,31006513,BELO HORIZONTE,https://www.colegiopiedade.com.br/,(31) 3334-6913,http://www.qedu.org.br/escola/138543-colegio-nossa-senhora-da-piedade/sobre,MG,"BELO HORIZONTE
 "
COLÉGIO INSTITUTO CRISTÃO,41060199,CASTRO,https://www.mackenzie.br/colegios/instituto-cristao-castro,(42) 3232-4224,http://www.qedu.org.br/escola/240402-eemp-colegio-instituto-cristao/sobre,PR,"CASTRO
 "
ISAAC,35168828,CAMPINAS,http://www.isaacbrasil.org.br/congressos.html,-,http://www.qedu.org.br/escola/197838-isaac-newton-escola-unidade-ii/sobre,SP,"SÃO PAULO
 "
FMU - FACULDADES METROPOLITANAS UNIDAS,,SÃO PAULO,https://portal.fmu.br/,-,,SP,SÃO PAULO
INSTITUTO DOM BARRETO,22025740,TERESINA,http://www.dombarreto.g12.br/,(86) 3228-8800,http://qedu.org.br/escola/47901-instituto-dom-barreto/sobre,PI,"TERESINA
 "
,26139618,RECIFE,http://www.recife.pe.gov.br/,-,http://www.qedu.org.br/escola/90264-colegio-militar-do-recife/censo-escolar,PE,"RECIFE
 "
CENTRO UNIVERSITÁRIO SENAI CIMATEC,29460581,SALVADOR,http://www.senaicimatec.com.br/ensino-superior/,(71) 3462-9500,http://www.qedu.org.br/escola/275919-senai-cimatec/censo-escolar,BA,"SALVADOR
 "
CENTRO EUCACIONAL MARGARIDA,33026360,ARARUAMA,http://www.cem.g12.br/,(22) 2664-1708,http://qedu.org.br/escola/175662-ce-margarida/sobre,RJ,"ARARUAMA
 "
LOGICALIS,,SÃO PAULO,https://www.la.logicalis.com/pt-Latam/contato/brasil/,(11) 3573-7300,,SP,SÃO PAULO
UNISAL - CENTRO UNIVERSITÁRIO SALESIANOS,35136876,PRAIA GRANDE,https://unisal.br/,(11) 3649-0200,https://www.qedu.org.br/escola/186541-colegio-universo/sobre,SP,"PRAIA GRANDE
 "
COLÉGIO VISCONE DE PORTO SEGURO,35162243,SÃO PAULO,https://www.portoseguro.org.br/,-,http://www.qedu.org.br/escola/204726-visconde-de-porto-seguro-colegio-unidade-iii/sobre,SP,"SÃO PAULO
 "
SENAI,29465320,LAURO DE FREITAS,https://www.mundosenai.com.br/escolas/senai-lauro-de-freitas/,(71) 3287-8058,http://qedu.org.br/escola/278844-senai-lauro-de-freitas/sobre,BA,"LAURO DE FREITAS
 "
ÂNIMA EDUCAÇÃO,35162516,SÃO PAULO,https://animaeducacao.com.br/,-,http://www.qedu.org.br/escola/203861-escola-anima/sobre,SP,"SÃO PAULO
 "
UNIVERSIDADE METODISTA DE SÃO PAULO,35137972,SÃO PAULO,https://metodista.br/,-,http://www.qedu.org.br/escola/209757-colegio-metodista/censo-escolar,SP,"SÃO BERNARDO DO CAMPO
 "
UNIVERSIDADE PARANAENSE - UNIPAR,41008138,UMUARAMA,https://www.unipar.br/,(44) 3621-2828,https://www.qedu.org.br/escola/237002-escola-sapiens-educacao-infantil-e-ensino-fundamental-sede/censo-escolar,PR,"UMUARAMA
 "
COLÉGIO VISCONDE DE PORTO SEGURO,35136025,VALINHOS,https://www.portoseguro.org.br/unidade/detalhe/valinhos,-,http://www.qedu.org.br/escola/191305-porto-seguro-visconde-colegio-unidade-ii/sobre,SP,"VALINHOS
 "
SENAI MG,31267589,BELO HORIZONTE,http://www7.fiemg.com.br/senai,-,http://www.qedu.org.br/escola/161315-senai-centro-tecnologico-de-eletroeletronica-cesar-rodrigues/sobre,MG,"BELO HORIZONTE
 "
"COLÉGIO SANTO AGOSTINHO, UNIDA",31004651,BELO HORIZONTE,https://bh.santoagostinho.com.br/,(31) 2125-6888,http://www.qedu.org.br/escola/158355-colegio-santo-agostinho/sobre,MG,"BELO HORIZONTE
 "
INSTITUTO PRESBITERIANO MACKENZIE,35103861,SÃO PAULO,https://www.mackenzie.br/,-,http://www.qedu.org.br/escola/182259-mackenzie-colegio-presbiteriano/censo-escolar,SP,"SÃO PAULO
 "
ESCOLA PRESBITERIANA MACKENZIE,35103861,SÃO PAULO,https://www.mackenzie.br/colegios,-,http://www.qedu.org.br/escola/182259-mackenzie-colegio-presbiteriano/censo-escolar,SP,"SÃO PAULO
 "
CENTRO UNIVERSITÁRIO SÃO CAMILO,35130382,SÃO PAULO,https://saocamilo-sp.br/,0300 017 8585,http://qedu.org.br/escola/189057-sao-camilo-cardeal-motta-unidade-ii-colegio/sobre,SP,"SÃO PAULO
 "
AUTÔNOMA,35158483,SÃO PAULO,https://fadisp.com.br/,-,http://www.qedu.org.br/escola/208514-colegio-stockler/sobre,SP,"SÃO PAULO
 "
SENAC,35148957,JUNDIAÍ,https://www.sp.senac.br/senac-jundiai,(11) 3395-2300,http://qedu.org.br/escola/186671-senac-jundiai/sobre,SP,"JUNDIAÍ
 "
ESCOLA PROFISSIONALIZANTE SANT AGOSTINHO,31324663,BELO HORIZONTE,https://bh.santoagostinho.com.br/,(31) 3073-9600,https://www.qedu.org.br/escola/156849-sic-escola-profissionalizante-santo-agostinho/censo-escolar,MG,"BELO HORIZONTE
 "
FUNDAÇÃO DE ROTARIANOS DE SÃO PAULO,35103718,SÃO PAULO,https://www.frsp.org/,-,http://www.qedu.org.br/escola/194013-colegio-rio-branco-unidade-higienopolis/sobre,SP,"SÃO PAULO
 "
COLÉGIO RIACHUELO,43123988,SANTA MARIA,https://colegioriachuelo.com.br/,(55) 3223-4065,https://www.qedu.org.br/escola/233238-colegio-riachuelo/sobre,RS,"SANTA MARIA
 "
ABIEE,,CANOAS,https://www.ulbra.br/canoas/imprensa/noticia/29262/diretor-marcos-fernando-ziemer-assume-presidencia-da-abiee,(12) 3947-1099,,RS,CANOAS
PRIMA,35153436,SÃO JOSÉ DOS CAMPOS,"https://www.glassdoor.com.br/Sal%C3%A1rio/Prima-Software-Brasil-S%C3%A3o-Jos%C3%A9-dos-Campos-Sal%C3%A1rios-EI_IE2609018.0,21_IL.22,41_IC2464122.htm",-,http://qedu.org.br/escola/192205-colegio-luce-prima/sobre,SP,"SÃO JOSÉ DOS CAMPOS
 "
SENAI,29465320,LAURO DE FREITAS,https://www.mundosenai.com.br/escolas/senai-lauro-de-freitas/,(71) 3287-8058,http://qedu.org.br/escola/278844-senai-lauro-de-freitas/sobre,BA,"LAURO DE FREITAS
 "
COLÉGIO DIOCESANO DE CARUARU,26053837,CARUARU,https://diocesanocaruaru.g12.br/,(81) 3721-0833,http://www.qedu.org.br/escola/89367-colegio-diocesano-de-caruaru/sobre,PE,"CARUARU
 "
MAPFRE SEGUROS,35162243,SÃO PAULO,https://www.mapfre.com.br/para-voce/,-,http://www.qedu.org.br/escola/204726-visconde-de-porto-seguro-colegio-unidade-iii/sobre,SP,"SÃO PAULO
 "
COLEGIO NOSSA SENHORA DO CARMO,33042560,TERESÓPOLIS,https://carmotere.com.br/,(21) 2742-2977,http://www.qedu.org.br/escola/169940-colegio-ns-do-carmo/sobre,RJ,"TERESÓPOLIS
 "
COLÉGIO MARIA ESTER 1,23073586,FORTALEZA,http://www.cme1.com.br/,(85) 3295-2317,http://www.qedu.org.br/escola/61453-colegio-maria-ester-1/sobre,CE,"FORTALEZA
 "
COLÉGIO VISCONDE DE PORTO SEGURO,35162243,SÃO PAULO,https://www.portoseguro.org.br/,-,http://www.qedu.org.br/escola/204726-visconde-de-porto-seguro-colegio-unidade-iii/sobre,SP,"SÃO PAULO
 "
COLÉGIO XIX DE MARÇO,31061999,ITAJUBÁ,https://www.xixdemarco.com.br/,(35) 3621-1514,http://www.qedu.org.br/escola/147327-colegio-xix-de-marco/sobre,MG,"ITAJUBÁ
 "
COLÉGIO SANTO ANTÔNIO DE JESUS,29171652,SANTO ANTÔNIO DE JESUS,https://www.coc.com.br/nossas-escolas/colegio-santo-antonio-de-jesus,-,http://qedu.org.br/escola/117356-colegio-santo-antonio-de-jesus/sobre,BA,"SANTO ANTÔNIO DE JESUS
 "
COLÉGIO FUNDAMENTAL LTDA,29488400,LAURO DE FREITAS,https://pt-br.facebook.com/pages/category/Elementary-School/Col%C3%A9gio-Fundamental-Lauro-de-Freitas-427999354032367/,(71) 4113-4806,https://www.qedu.org.br/escola/131216-colegio-fundamental-ltda/sobre,BA,"LAURO DE FREITAS
 "
COLÉGIO VISCONDE DE PORTO SEGURO,35162243,SÃO PAULO,https://www.portoseguro.org.br/,-,http://www.qedu.org.br/escola/204726-visconde-de-porto-seguro-colegio-unidade-iii/sobre,SP,"SÃO PAULO
 "
COLÉGIO VISCONDE DE PORTO SEGURO,35162243,SÃO PAULO,https://www.portoseguro.org.br/,-,http://www.qedu.org.br/escola/204726-visconde-de-porto-seguro-colegio-unidade-iii/sobre,SP,"SÃO PAULO
 "
USJ - SÃO JOSÉ SC,42142547,FLORIANÓPOLIS,https://usj.edu.br/,(48) 3381-0010,http://www.qedu.org.br/escola/217020-centro-educaciaonal-municipal-araucaria/censo-escolar,SC,"SÃO JOSÉ
 "
SESSI-DR/ES,32040067,VITÓRIA,https://www.sesies.com.br/,-,http://www.qedu.org.br/escola/164975-eeem-colegio-estadual-do-espirito-santo/sobre,ES,"VITÓRIA
 "
COLÉGIO VISCONDE DE PORTOS SEGURO,35136025,VALINHOS,https://www.portoseguro.org.br/unidade/detalhe/valinhos,-,http://www.qedu.org.br/escola/191305-porto-seguro-visconde-colegio-unidade-ii/sobre,SP,"VALINHOS
 "
PROVA FÁCIL,31262048,BELO HORIZONTE,https://www.provafacilnaweb.com.br/,(31) 2517-2500,http://www.qedu.org.br/escola/149442-fama-colegio/sobre,MG,"BELO HORIZONTE
 "
MAPLE BEAR GOIÂNIA,52033708,GOIÂNIA,http://www.maplebeargoiania.com.br/,-,http://www.qedu.org.br/escola/251753-colegio-marista-goiania/sobre,GO,"GOIÂNIA
 "
CONSTRUTORA COSTA FEITOSA,35144150,ARUJÁ,https://www.costafeitosa.com.br/,(11) 2236-1866,http://www.qedu.org.br/escola/186931-colegio-sion/sobre,SP,"ARUJÁ
 "
INATEL,31262005,SANTA RITA DO SAPUCAÍ,https://inatel.br/,(35) 3471-9200,https://www.qedu.org.br/escola/149438-instituto-presbiteriano-de-educacao/censo-escolar,MG,"SANTA RITA DO SAPUCAÍ
 "
COLÉGIO GENIUS,35194712,CAMPINAS,https://pt-br.facebook.com/campinascolegiogenius,(19) 3009-5500,http://www.qedu.org.br/escola/182711-colegio-genius/sobre,SP,"CAMPINAS
 "
ESCOLA PRESBITERIANA MACKENZIE,35103861,SÃO PAULO,https://www.mackenzie.br/colegios,-,http://www.qedu.org.br/escola/182259-mackenzie-colegio-presbiteriano/censo-escolar,SP,"SÃO PAULO
 "
CAMINO EDUCATION,35133991,SÃO PAULO,https://caminoeducation.com/,(11) 98554-5711,https://www.qedu.org.br/escola/185433-ce-caminho-aberto/censo-escolar,SP,"SÃO PAULO
 "
B&FUTURE,,SOROCABA,https://globoesporte.globo.com/futebol/times/sao-paulo/noticia/sao-paulo-garante-lideranca-do-grupo-b-do-paulistao-apos-derrota-da-ponte-preta.ghtml,-,,SP,SOROCABA
COLÉGIO FARROUPILHA,43104975,PORTO ALEGRE,https://www.colegiofarroupilha.com.br/,(51) 3455-1858,http://www.qedu.org.br/escola/231686-centro-ens-medio-farroupilha/censo-escolar,RS,"PORTO ALEGRE
 "
COLÉGIO BOM JESUS,41127722,CURITIBA,https://bomjesus.br/,-,http://www.qedu.org.br/escola/237906-colegio-bom-jesus-ensino-fundamental-e-medio/sobre,PR,"CURITIBA
 "
CENTRO UNIVERSITÁRIO UNIHORIZONTES,31004651,BELO HORIZONTE,https://unihorizontes.br/,(31) 3349-2900,http://www.qedu.org.br/escola/158355-colegio-santo-agostinho/sobre,MG,"BELO HORIZONTE
 "
ST NICHOLAS SCHOOL,35126724,SÃO PAULO,https://www.stnicholas.com.br/,(11) 3465-9666,http://qedu.org.br/escola/185735-st-nicholas-escola-anglo-brasileira/sobre,SP,"SÃO PAULO
 "
COLÉGIO VISCONDE DE PORTO SEGURO,35136025,VALINHOS,https://www.portoseguro.org.br/unidade/detalhe/valinhos,-,http://www.qedu.org.br/escola/191305-porto-seguro-visconde-colegio-unidade-ii/sobre,SP,"VALINHOS
 "
COLÉGIO MATER CHRISTI,24002526,CAXIAS DO SUL,https://colegiomaterchristi.com.br/,-,http://www.qedu.org.br/escola/68802-colegio-mater-christi/sobre,RS,"MOSSORÓ
 "
SIEEESP,,S PAULO,https://www.sieeesp.org.br/,(11) 5583-5500,,SP,S PAULO
ESCOLA INFANTIL SÃO JOSÉ,52100693,GOIÂNIA,http://www.escolainfantilsaojose.com.br/,(62) 3245-1811,https://qedu.org.br/escola/277547-centro-de-ensino-sao-jose/sobre,GO,"GOIÂNIA
 "
INSTITUTO PRESBITERIANO MACKENZIE,17055962,PALMAS,https://www.mackenzie.br/colegios/palmas,(63) 3236-5300,https://www.qedu.org.br/escola/282928-colegio-presbiteriano-mackenzie-palmas/sobre,TO,"PALMAS
 "
FACULDADE IDEALTRENDS,,SÃO PAULO,https://www.idealtrends.com.br/,-,,SP,SÃO PAULO
ACETAM ´ASSOCIAÇÃO DE CIÊNCIA EDUCAÇÃO E TECNOLOGIA DA AMAZÔNIA,13025082,MANAUS,https://www.jusbrasil.com.br/processos/nome/51306883/acetam-associacao-de-ciencias-educacao-e-tecnologia-da-amazonia,-,https://www.qedu.org.br/escola/9599-associacao-de-ciencias-educacao-e-tecnologia-da-amazonia-colegio-martha-falcao/censo-escolar,AM,"MANAUS
 "
COLEGIO SEPP,35137194,JACAREÍ,https://colegiosepp.com.br/,(12) 3952-6200,http://www.qedu.org.br/escola/185991-saint-exupery-pequeno-principe-colegio-sepp/sobre,SP,"JACAREÍ
 "
GRUPO IDEAL TRENDS,,FARROUPILHA,https://www.idealtrends.com.br/,-,,RS,FARROUPILHA
COLÉGIO PGD,41379110,LONDRINA,https://www.pgd.com.br/,(43) 3372-7555,http://qedu.org.br/escola/236191-eefm-colegio-pgd-ed-inf/sobre,PR,"LONDRINA
 "
ALABAMA CONSULTORIA EDUCACIONAL,,GUARULHOS,http://alabama.com.br/,-,,SP,GUARULHOS
UNISA,35046024,SÃO PAULO,http://www.unisa.br/,(11) 2141-8555,http://www.qedu.org.br/escola/190470-escola-de-aplicacao-da-faculdade-de-educacao-da-usp/censo-escolar,SP,"SÃO PAULO
 "
SIC/COLÉGIO SANTO AGOSTINHO-BH,31004651,BELO HORIZONTE,https://bh.santoagostinho.com.br/,(31) 2125-6888,http://www.qedu.org.br/escola/158355-colegio-santo-agostinho/sobre,MG,"BELO HORIZONTE
 "
CONSULTORIA,35371555,SÃO JOSÉ DOS CAMPOS,https://www.ohub.com.br/empresas/consultoria-empresarial/sp/sao-jose-dos-campos,-,http://www.qedu.org.br/escola/209349-colegio-ciclo/sobre,SP,"SÃO JOSÉ DOS CAMPOS
 "
COLÉGIO VISCONDE DE PORTO SEGURO,35162243,SÃO PAULO,https://www.portoseguro.org.br/,-,http://www.qedu.org.br/escola/204726-visconde-de-porto-seguro-colegio-unidade-iii/sobre,SP,"SÃO PAULO
 "
UNIFEOB,,SÃO JOÃO DA BOA VISTA,https://unifeob.edu.br/,-,https://qedu.org.br/escola/272564-centro-universitario-fundacao-de-ensino-octavio-bastos-unifeob/sobre,SP,"SÃO JOÃO DA BOA VISTA
 "
COLÉGIO BOM JESUS,41127722,CURITIBA,https://bomjesus.br/,-,http://www.qedu.org.br/escola/237906-colegio-bom-jesus-ensino-fundamental-e-medio/sobre,PR,"CURITIBA
 "
FUNDAÇÃO BRADESCO,35117959,SÃO PAULO,https://fundacao.bradesco/,-,http://www.qedu.org.br/escola/196059-fundacao-bradesco-escola-de-educacao-basica-e-profissional/sobre,SP,"REGISTRO
 "
BERNOULLI SISTEMA DE ENSINO,31311723,BELO HORIZONTE,https://www.bernoulli.com.br/sistema-de-ensino/,(31) 3029-4949,http://www.qedu.org.br/escola/158679-colegio-bernoulli/sobre,MG,"BELO HORIZONTE
 "
UNIJORGE,29182581,SALVADOR,https://www.unijorge.edu.br/,(71) 3206-8000,http://www.qedu.org.br/escola/126549-colegio-salesiano-do-salvador/sobre,BA,"SALVADOR
 "
SAS,23272430,FORTALEZA,https://saseducacao.com.br/,(85) 3033-8264,http://www.qedu.org.br/escola/65180-colegio-ari-de-sa-cavalcante-sede-aldeota/sobre,CE,"FORTALEZA
 "
UNIVERSIDADE SÃO JUDAS,35438297,TABOÃO DA SERRA,https://www.ead.com.br/faculdades/unoeste-universidade-do-oeste-paulista/campus/stylo-ingles-e-informatica,(11) 2799-1677,http://www.qedu.org.br/escola/213047-emei-sao-judas-tadeu/sobre,SP,"TABOÃO DA SERRA
 "
ESCOLA BRASILEIRA DE EDUCAÇÃO,35153771,GUARULHOS,https://www.ebeobjetivo.com.br/,(11) 2421-3720,https://qedu.org.br/escola/191637-brasileira-escola-de-educacao/sobre,SP,"GUARULHOS
 "
COLÉGIO FARROUPILHA,43104975,PORTO ALEGRE,https://www.colegiofarroupilha.com.br/,(51) 3455-1858,http://www.qedu.org.br/escola/231686-centro-ens-medio-farroupilha/censo-escolar,RS,"PORTO ALEGRE
 "
COLÉGIO ROSÁRIO,41131657,CURITIBA,https://www.cnsrosario.com.br/,-,http://www.qedu.org.br/escola/225273-colegio-nossa-senhora-do-rosario-educacao-infantil-ensino-fundamental-e-medio/sobre,PR,"CURITIBA
 "
TECHNE,35118928,SÃO PAULO,https://www.techne.com.br/,(11) 2149-9200,http://www.qedu.org.br/escola/188424-colegio-modulo/sobre,SP,"SÃO PAULO
 "
MONICA MAZZO CONSULTORIA EDUCACIONAL,,SALTO,https://br.linkedin.com/in/monica-mazzo-90634522,(11) 99125-1817,,SP,SALTO
ESCOLA PROJETO VIDA,35154702,SÃO PAULO,https://www.projetovida.com.br/,-,http://qedu.org.br/escola/198815-eef-projeto-vida/sobre,SP,"SÃO PAULO
 "
ASSOCIAÇÃO TERESINENSE DE ENSINO,,TERESINA,https://www.jusbrasil.com.br/topicos/48809523/associacao-teresinense-de-ensino-s-c-ltda-faculdade-santo-agostinho,(86) 3234-5540,https://qedu.org.br/escola/265260-associacao-beneficente-lar-de-cristina/sobre,PI,"TERESINA
 "
COLÉGIO ANTARES,23245980,FORTALEZA,https://www.colegioantares.com.br/,-,http://www.qedu.org.br/escola/64323-colegio-antares/sobre,CE,"FORTALEZA
 "
UNIVERSIDADE VEIGA DE ALMEIDA,,RIO DE JANEIRO,https://www.uva.br/,(21) 2574-8888,http://qedu.org.br/escola/180849-colegio-veiga-de-almeida/enem,RJ,"RIO DE JANEIRO
 "
maisA Educação SA,35567632,RIBEIRÃO PRETO,https://www.fearp.usp.br/institucional/docentes/administracao/388-ppgcc2/docentes/2773-maisa-de-souza-ribeiro.html,-,https://www.qedu.org.br/escola/280162-gabarito-colegio/sobre,SP,"RIBEIRÃO PRETO
 "
COLÉGIO MARIA ESTER 1,23073586,FORTALEZA,http://www.cme1.com.br/,(85) 3295-2317,http://www.qedu.org.br/escola/61453-colegio-maria-ester-1/sobre,CE,"FORTALEZA
 "
SARAIVA EDUCAÇÃO S/A,35100572,SÃO PAULO,https://www.saraivaeducacao.com.br/,-,http://qedu.org.br/escola/185672-saint-lucas-colegio/sobre,SP,"SÃO PAULO
 "
VG EDUCACIONAL,41024613,MARINGÁ,https://www.vgeducacional.com/,(44) 3301-9412,http://www.qedu.org.br/escola/237397-regina-mundi-colegio-educacao-infantil-ensino-fundamental-e-medio/sobre,PR,"MARINGÁ
 "
RUBEUS,31305847,MURIAÉ,https://rubeus.com.br/,(31) 3514-7911,https://www.qedu.org.br/escola/154286-colegio-cidade-de-muriae/censo-escolar,MG,"MURIAÉ
 "
UNESC - CENTRO UNIVERSITÁRIO DO ES,32010311,COLATINA,https://www.unesc.br/,(27) 3723-3000,http://www.qedu.org.br/escola/166273-colegio-marista/sobre,ES,"COLATINA
 "
UNIJORGE,29182581,SALVADOR,https://www.unijorge.edu.br/,(71) 3206-8000,http://www.qedu.org.br/escola/126549-colegio-salesiano-do-salvador/sobre,BA,"SALVADOR
 "
COLÉGIO INSTITUTO CRISTÃO,41060199,CASTRO,https://www.mackenzie.br/colegios/instituto-cristao-castro,(42) 3232-4224,http://www.qedu.org.br/escola/240402-eemp-colegio-instituto-cristao/sobre,PR,"CASTRO
 "
ACETAM ´ASSOCIAÇÃO DE CIÊNCIA EDUCAÇÃO E TECNOLOGIA DA AMAZÔNIA,13025082,MANAUS,https://www.jusbrasil.com.br/processos/nome/51306883/acetam-associacao-de-ciencias-educacao-e-tecnologia-da-amazonia,-,https://www.qedu.org.br/escola/9599-associacao-de-ciencias-educacao-e-tecnologia-da-amazonia-colegio-martha-falcao/censo-escolar,AM,"MANAUS
 "
ACETAM,13025082,MANAUS,https://www.jusbrasil.com.br/processos/nome/51306883/acetam-associacao-de-ciencias-educacao-e-tecnologia-da-amazonia,-,https://www.qedu.org.br/escola/9599-associacao-de-ciencias-educacao-e-tecnologia-da-amazonia-colegio-martha-falcao/censo-escolar,AM,"MANAUS
 "
COLÉGIO VISCONDE DE PORTO SEGURO,35162243,SÃO PAULO,https://www.portoseguro.org.br/,-,http://www.qedu.org.br/escola/204726-visconde-de-porto-seguro-colegio-unidade-iii/sobre,SP,"SÃO PAULO
 "
COLÉGIO SANTO ANTÔNIO,31004812,BELO HORIZONTE,https://www.colegiosantoantonio.com.br/,(31) 2123-9300,http://www.qedu.org.br/escola/141578-colegio-santo-antonio/sobre,MG,"BELO HORIZONTE
 "
PONTIFÍCIA UNIVERSIDADE CATÓLICA DE GOIÁS,52270378,GOIÂNIA,https://www.pucgoias.edu.br/,(62) 3946-1000,https://www.qedu.org.br/escola/246451-instituto-anima-de-educacao-ltda/censo-escolar,GO,"GOIÂNIA
 "
REDE DAMAS EDUCACIONAL,26122081,RECIFE,https://rededamas.gupy.io/,(81) 3194-5650,http://qedu.org.br/escola/86002-colegio-das-damas-da-instrucao-crista/censo-escolar,PE,"RECIFE
 "
COLÉGIO DIOCESANO DE CARUARU,26053837,CARUARU,https://diocesanocaruaru.g12.br/,(81) 3721-0833,http://www.qedu.org.br/escola/89367-colegio-diocesano-de-caruaru/sobre,PE,"CARUARU
 "
CENTRO EDUCACIONAL PAINEIRA,35144373,SANTO ANDRÉ,http://www.paineira.com.br/,-,http://www.qedu.org.br/escola/187020-ce-paineira/sobre,SP,"SANTO ANDRÉ
 "
REDE ADVENTISTA,35119799,CRUZEIRO,https://iacs.educacaoadventista.org.br/,-,http://qedu.org.br/escola/182657-colegio-adventista-de-cruzeiro/sobre,DF,"CRUZEIRO
 "
FACULDADE IDEAL TRENDS,,SÃO PAULO,https://www.idealtrends.com.br/,-,,SP,SÃO PAULO
FACULDADES PEQUENO PRÍNCIPE,41544897,CURITIBA,https://faculdadespequenoprincipe.edu.br/,(41) 3310-1500,http://www.qedu.org.br/escola/213642-cei-do-hospital-pequeno-principe/sobre,PR,"CURITIBA
 "
BERNOULLI SISTEMA DE ENSINO,31311723,BELO HORIZONTE,https://www.bernoulli.com.br/sistema-de-ensino/,(31) 3029-4949,http://www.qedu.org.br/escola/158679-colegio-bernoulli/sobre,MG,"BELO HORIZONTE
 "
COLÉGIO PLÍNIO LEITE,33055939,NITERÓI,http://www.colegioplinioleite.com.br/,(21) 3619-2835,https://www.qedu.org.br/escola/175428-colegio-plinio-leite/censo-escolar,RJ,"NITERÓI
 "
COLÉGIO CHAMINADE,35115496,BAURU,https://www.chaminade.com.br/,(14) 3235-1900,http://www.qedu.org.br/escola/188481-colegio-sao-jose/sobre,SP,"BAURU
 "
PLATOS EDUCACIONAL,35158525,SÃO PAULO,https://www.platosedu.com.br/,-,http://www.qedu.org.br/escola/208516-colegio-cerimar/sobre,SP,"SÃO PAULO
 "
PH3,24056278,PARNAMIRIM,https://www.colegioph3.com.br/,(84) 3272-3550,http://www.qedu.org.br/escola/73148-ce-ph3/censo-escolar,RN,"PARNAMIRIM
 "
PUC CAMPINAS,35112562,CAMPINAS,https://www.puc-campinas.edu.br/,-,https://www.qedu.org.br/escola/194619-colegio-notre-dame-de-campinas/censo-escolar,SP,"CAMPINAS
 "
FUNDAÇÃO DE ENSINO OCTÁVIO BASTOS - UNIFEOB,,SÃO JOÃO DA BOA VISTA,https://unifeob.edu.br/,-,https://qedu.org.br/escola/272564-centro-universitario-fundacao-de-ensino-octavio-bastos-unifeob/sobre,SP,"SÃO JOÃO DA BOA VISTA
 "
TORRICELLI,35529023,GUARULHOS,https://www.colegiotorricelli.com.br/,(11) 2183-8499,http://qedu.org.br/escola/276396-torricelli-colegio-unidade-i/sobre,SP,"GUARULHOS
 "
SEVEN IDIOMAS,,SÃO PAULO,https://sevenidiomas.com.br/,-,,SP,SÃO PAULO
EDUKON,,FORTALEZA,https://consultas.plus/lista-de-empresas/ceara/fortaleza/40051167000104-edukon-solucoes-educacionais-ltda/,-,,CE,FORTALEZA
ESCOLA SEB DÍNATOS,53000951,BRASÍLIA,https://www.escolaseb.com.br/dinatos/,(61) 3878-4100,https://www.qedu.org.br/escola/242115-coc-brasilia/censo-escolar,DF,"BRASÍLIA
 "
UNIVERSIDADE FEDERAL DO TRIÂNGULO MINEIRO,31020348,UBERABA,http://www.uftm.edu.br/,(34) 3700-6000,http://www.qedu.org.br/escola/278785-instituto-federal-do-triangulo-mineiro-campus-avancado-uberaba-parque-tecnologico/sobre,MG,"UBERABA
 "
COLÉGIO SANTO AMERICO,35105600,SÃO PAULO,https://www.santoamerico.org.br/,(11) 4084-1888,http://www.qedu.org.br/escola/208387-colegio-santo-americo/sobre,SP,"SÃO PAULO
 "
YOU BILINGUAL EDUCATION,,SÃO PAULO,https://www.youbilingue.com.br/,-,,SP,SÃO PAULO
FASM - FACULDADE SANTA MARCELINA,35102805,SÃO PAULO,http://www.fasm.edu.br/,(11) 2217-9110,https://www.qedu.org.br/escola/200401-colegio-santa-marcelina/censo-escolar,SP,"SÃO PAULO
 "
ANHEMBI MORUMBI,35105971,SÃO PAULO,https://portal.anhembi.br/,(11) 4007-1192,http://www.qedu.org.br/escola/192185-colegio-anhembi-morumbi/sobre,SP,"SÃO PAULO
 "
PONTIFÍCIA UNIVERSIDADE CATÓLICA DE CAMPINAS,35194712,CAMPINAS,https://www.puc-campinas.edu.br/,-,http://www.qedu.org.br/escola/182711-colegio-genius/sobre,SP,"CAMPINAS
 "
SENAI CIMATEC,29460581,SALVADOR,http://www.senaicimatec.com.br/,(71) 3462-9500,http://www.qedu.org.br/escola/275919-senai-cimatec/censo-escolar,BA,"SALVADOR
 "
COLÉGIO E CURSO FATOR,33171670,SÃO JOÃO DE MERITI,https://www.sistemafator.com.br/,(21) 2756-9801,http://www.qedu.org.br/escola/275095-colegio-e-curso-fator/sobre,RJ,"SÃO JOÃO DE MERITI
 "
TOTVS SA,,BELO HORIZONTE,https://www.totvs.com/unidade/totvs-minas-gerais/,(31) 2122-9000,,MG,BELO HORIZONTE
REVISTA DIRECIONAL ESCOLAS,,SÃO PAULO,https://direcionalescolas.com.br/,-,,SP,SÃO PAULO
CENTRO UNIVERSITARIO ATENEU - UNIATENEU,23271469,FORTALEZA,https://uniateneu.edu.br/,-,http://www.qedu.org.br/escola/61726-colegio-ateneu/sobre,CE,"FORTALEZA
 "
VEREDA EDUCAÇÃO,35079881,SÃO PAULO,https://escolavereda.com.br/,(11) 4972-7350,http://www.qedu.org.br/escola/182102-veredas/censo-escolar,SP,"SÃO PAULO
 "
ESCOLA PRESBITERIANA MACKENZIE,35103861,SÃO PAULO,https://www.mackenzie.br/colegios,-,http://www.qedu.org.br/escola/182259-mackenzie-colegio-presbiteriano/censo-escolar,SP,"SÃO PAULO
 "
COLÉGIO FÊNIX,24080411,PARNAMIRIM,https://www.colegiofenix.net/,(84) 3272-3869,http://www.qedu.org.br/escola/69560-colegio-fenix/sobre,RN,"PARNAMIRIM
 "
FASEC,23144793,IGUATU,https://www.instagram.com/fasec_iguatu/,-,http://qedu.org.br/escola/60832-professor-luiz-gonzaga-da-fonseca-mota-eem/sobre,CE,"QUIXELÔ
 "
AMAZON WEB SERVICES,,FORTALEZA,https://br.linkedin.com/jobs/amazon-web-services-aws-vagas-fortaleza,-,,CE,FORTALEZA
LOGICALIS,,SÃO PAULO,https://www.la.logicalis.com/pt-Latam/contato/brasil/,(11) 3573-7300,,SP,SÃO PAULO
CENTRO DE EDUCAÇÃO SUPERIOR DE BRASÍLIA - CESB,53003420,BRASÍLIA,https://trade.nosis.com/pt/CESB--CENTRO-DE-EDUCACAO-SUPERIOR-DE-BRASILIA-LTDA/1180575/315/p,(61) 3340-3747,http://www.qedu.org.br/escola/244173-ce-brasil-central/sobre,DF,"BRASÍLIA
 "
FUNDAÇÃO DE ENSINO OCTÁVIO BASTOS - UNIFEOB,,SÃO JOÃO DA BOA VISTA,https://unifeob.edu.br/,-,https://qedu.org.br/escola/272564-centro-universitario-fundacao-de-ensino-octavio-bastos-unifeob/sobre,SP,"SÃO JOÃO DA BOA VISTA
 "
COLEGIO PORTO SEGURO,35105648,SÃO PAULO,https://www.portoseguro.org.br/,-,https://www.qedu.org.br/escola/208389-colegio-porto-seguro-visconde/sobre,SP,"SÃO PAULO
 "
SINEP/MG,31002593,BELO HORIZONTE,https://sinep-mg.org.br/,(31) 3291-5844,http://www.qedu.org.br/escola/139714-em-belo-horizonte/censo-escolar,MG,"BELO HORIZONTE
 "
SIC  SOCIEDADE INTELIGÊNCIA E CORAÇÃO,31219231,BELO HORIZONTE,http://bh.santoagostinho.com.br/dev~Vicariato/Agostinianos/Provincia/SIC,-,http://www.qedu.org.br/escola/151940-em-santa-terezinha/censo-escolar,MG,"BELO HORIZONTE
 "
INSTITUTO PRESBITERIANO MACKENZIE,35103861,SÃO PAULO,https://www.mackenzie.br/,-,http://www.qedu.org.br/escola/182259-mackenzie-colegio-presbiteriano/censo-escolar,SP,"SÃO PAULO
 "
CENTRO UNIVERSITARIO ATENEU - UNIATENEU,23271469,EUSÉBIO,https://uniateneu.edu.br/,0800 006 1717,http://www.qedu.org.br/escola/61726-colegio-ateneu/sobre,CE,"FORTALEZA
 "
MRD CONSULTING,35131738,SÃO PAULO,https://br.linkedin.com/company/mrd-consulting-ltda,(11) 3167-6902,http://www.qedu.org.br/escola/181930-colegio-joao-paulo-i/sobre,SP,"SÃO PAULO
 "
ESCOLA PRIMEIROS PASSOS,21500622,SÃO DOMINGOS DO MARANHÃO,https://pt-br.facebook.com/EPrimeirosPassos,-,http://www.qedu.org.br/escola/42649-escola-primeiros-passos/sobre,MA,"SÃO DOMINGOS DO MARANHÃO
 "
ESCOLA BEIT YAACOV,35127991,SÃO PAULO,https://www.educamaisbrasil.com.br/escolas/beit-yaacov-escola,(11) 3612-6150,http://www.qedu.org.br/escola/192397-escola-beit-yaacov/sobre,SP,"SÃO PAULO
 "
INSTITUTO PRESBITERIANO MACKENZIE,53009940,LAGO SUL,https://www.mackenzie.br/colegios/brasilia,-,http://www.qedu.org.br/escola/242887-colegio-presbiteriano-mackenzie-brasilia/sobre,DF,"BRASÍLIA
 "
UNIFACEMA,21221502,CAXIAS,https://unifacema.edu.br/,(99) 3422-6868,http://www.qedu.org.br/escola/32381-unidade-integrada-municipal-jose-belmiro-de-paiva/censo-escolar,MA,"CAXIAS
 "
CENTRO UNIVERSITÁRIO DO RIO GRANDE DO NORTE,24059293,NATAL,http://www.unirn.edu.br/,(84) 3215-2917,https://qedu.org.br/escola/69844-instituto-brasil/sobre,RN,"NATAL
 "
FUNDACRED,43105009,PORTO ALEGRE,https://www.fundacred.org.br/site/,4007-2302,http://qedu.org.br/escola/254434-colegio-militar-de-porto-alegre/censo-escolar,RS,"PORTO ALEGRE
 "
COLÉGIO CERTUS,35143959,SÃO PAULO,https://certus.com.br/,(11) 2818-6499,http://qedu.org.br/escola/181610-colegio-certus/sobre,SP,"SÃO PAULO
 "
CENTRO EDUCACIONAL HYARTE ML LTDA,,PARACATU,https://applocal.com.br/empresa/centro-educacional-hyarte-ml/paracatu/mg/9699402,-,,MG,PARACATU
SEJUNTA TECNOLOGIA,35108698,SANTO ANDRÉ,https://sejunta.com.br/,-,http://qedu.org.br/escola/186344-colegio-stocco/sobre,SP,"SANTO ANDRÉ
 "
UNIALFA,,GOIANIA,https://www.unialfa.com.br/,(62) 3272-5000,,GO,GOIANIA
ZILDA DE OLIVEIRA SOUSA,35336749,GUARULHOS,https://www.jusbrasil.com.br/topicos/179948311/zilda-de-oliveira-sousa,-,http://www.qedu.org.br/escola/183000-alzenir-ramos-de-sousa-oliveira-creche-comunitaria/sobre,SP,"ITAQUAQUECETUBA
 "
ESCOLA DÍNAMIS,33064504,RIO DE JANEIRO,https://dinamis.com.br/,-,http://www.qedu.org.br/escola/169215-escola-dinamis/sobre,RJ,"RIO DE JANEIRO
 "
SINEPMG - SINDICATO DAS ESCOLAS PARTICULARES DE MINAS GERAIS,,BELO HORIZONTE,https://sinep-mg.org.br/,(31) 3291-5844,,MG,BELO HORIZONTE